Row Index,Title,Artist,Album,Source Context,Duration,Date,Popularity,Favorited,Has Lyrics,Artist Link,Album Link,Cover URL
1,To Love You feat. Rachel Row (Vocal),KiNK,Piano Power,House Afternoon,03:50,26/07/2021,By popularity: 1 / 10,false,false,https://www.deezer.com/en/artist/178245,https://www.deezer.com/en/album/97932792,https://cdn-images.dzcdn.net/images/cover/e738229bf799f314396e6175e9ebb50a/40x40-000000-80-0-0.jpg
2,Sorry,Joel Corry,Sorry,House Afternoon,03:08,26/07/2021,By popularity: 5 / 10,false,false,https://www.deezer.com/en/artist/8058039,https://www.deezer.com/en/album/101864472,https://cdn-images.dzcdn.net/images/cover/e1838cf0317d34dc9ef0c5c4d9cf3ea6/40x40-000000-80-0-0.jpg
3,I'm Hot (Original Mix),Franky Rizardo,I'm Hot,House Afternoon,05:52,26/07/2021,By popularity: 2 / 10,false,false,https://www.deezer.com/en/artist/364146,https://www.deezer.com/en/album/120236692,https://cdn-images.dzcdn.net/images/cover/4287e3da0a657fd78e9965388de6513b/40x40-000000-80-0-0.jpg
4,Oye Como Va (K&F Edit),Joe Cuba Sextet & Jose Cheo Feliciano,Random,House Afternoon,05:32,26/07/2021,By popularity: 0 / 10,false,false,,,https://cdn-images.dzcdn.net/images/cover/d41d8cd98f00b204e9800998ecf8427e/40x40-000000-80-0-0.jpg
5,Brasil,Bellaire,Random,House Afternoon,05:37,26/07/2021,By popularity: 0 / 10,false,false,,,https://cdn-images.dzcdn.net/images/cover/d41d8cd98f00b204e9800998ecf8427e/40x40-000000-80-0-0.jpg
6,Bang (Honey Dijon Remix),Harry Romero & Erick Morillo,Random,House Afternoon,06:08,26/07/2021,By popularity: 0 / 10,false,false,,,https://cdn-images.dzcdn.net/images/cover/d41d8cd98f00b204e9800998ecf8427e/40x40-000000-80-0-0.jpg
7,Light It Up,Major Lazer,Major Lazer Essentials,House Afternoon,02:46,26/07/2021,By popularity: 8 / 10,false,false,https://www.deezer.com/en/artist/282118,https://www.deezer.com/en/album/75816422,https://cdn-images.dzcdn.net/images/cover/fd04cc1cae7d8b60fd07035aedd4aedf/40x40-000000-80-0-0.jpg
8,By Your Side (feat. Tom Grennan),Calvin Harris,By Your Side (feat. Tom Grennan),House Afternoon,03:09,21/08/2021,By popularity: 7 / 10,false,true,https://www.deezer.com/en/artist/12178,https://www.deezer.com/en/album/230046522,https://cdn-images.dzcdn.net/images/cover/d08682d2776f47c69ffb65dfb1edb82d/40x40-000000-80-0-0.jpg
9,Friday (feat. Mufasa & Hypeman) (Dopamine Re-Edit),Nightcrawlers,Friday (feat. Mufasa & Hypeman) (Dopamine Re-Edit),House Afternoon,02:49,21/08/2021,By popularity: 9 / 10,false,true,https://www.deezer.com/en/artist/1016,https://www.deezer.com/en/album/193464972,https://cdn-images.dzcdn.net/images/cover/09e6c71f102c979723ea3ea1b3c185d8/40x40-000000-80-0-0.jpg
10,Ride It,Regard,Ride It,House Afternoon,02:37,21/08/2021,By popularity: 9 / 10,false,true,https://www.deezer.com/en/artist/8185084,https://www.deezer.com/en/album/102886652,https://cdn-images.dzcdn.net/images/cover/c7abf65b190c825054f29b55372619b3/40x40-000000-80-0-0.jpg
11,We Are The People (feat. Bono & The Edge) (Official UEFA EURO 2020 Song),Martin Garrix,We Are The People (feat. Bono & The Edge) (Official UEFA EURO 2020 Song),House Afternoon,03:37,21/08/2021,By popularity: 7 / 10,false,false,https://www.deezer.com/en/artist/3968561,https://www.deezer.com/en/album/223093662,https://cdn-images.dzcdn.net/images/cover/7595902881fb97252d0ed8d480a1173e/40x40-000000-80-0-0.jpg
12,One Kiss,Calvin Harris,One Kiss,House Afternoon,03:34,21/08/2021,By popularity: 9 / 10,false,false,https://www.deezer.com/en/artist/12178,https://www.deezer.com/en/album/60712222,https://cdn-images.dzcdn.net/images/cover/0397baea24f861db7ee63fb1c70391f9/40x40-000000-80-0-0.jpg
13,We Can Come Together,Love Regenerator,We Can Come Together,House Afternoon,03:36,21/08/2021,By popularity: 3 / 10,false,true,https://www.deezer.com/en/artist/83843482,https://www.deezer.com/en/album/248855312,https://cdn-images.dzcdn.net/images/cover/b139685e776dbce6c8d9f7ffdcc117e4/40x40-000000-80-0-0.jpg
14,HIT IT (feat. Saweetie & Lele Pons),The Black Eyed Peas,HIT IT (feat. Saweetie & Lele Pons),House Afternoon,03:55,21/08/2021,By popularity: 4 / 10,false,false,https://www.deezer.com/en/artist/1020109,https://www.deezer.com/en/album/248919862,https://cdn-images.dzcdn.net/images/cover/1cbba699f5c021dd531dc50be86428a7/40x40-000000-80-0-0.jpg
15,The Business,Tiësto,The Business,House Afternoon,02:44,21/08/2021,By popularity: 8 / 10,false,false,https://www.deezer.com/en/artist/434,https://www.deezer.com/en/album/174941092,https://cdn-images.dzcdn.net/images/cover/664cd2e671f05f3f8f1e0bbd710e082d/40x40-000000-80-0-0.jpg
16,Heard About Me (feat. Nea),Dimitri Vegas & Like Mike,Heard About Me (feat. Nea),House Afternoon,02:14,21/08/2021,By popularity: 4 / 10,false,false,https://www.deezer.com/en/artist/262271,https://www.deezer.com/en/album/235575722,https://cdn-images.dzcdn.net/images/cover/89b8c81300793a7db2344f7fd3342a53/40x40-000000-80-0-0.jpg
17,Call Me Papi (feat. Dawty Music),Feder,Call Me Papi (feat. Dawty Music),House Afternoon,02:20,21/08/2021,By popularity: 6 / 10,false,false,https://www.deezer.com/en/artist/5523632,https://www.deezer.com/en/album/235184402,https://cdn-images.dzcdn.net/images/cover/1cd3d136c11779a1a6d320683a6a2963/40x40-000000-80-0-0.jpg
18,GIRL LIKE ME,The Black Eyed Peas,TRANSLATION,House Afternoon,03:41,21/08/2021,By popularity: 8 / 10,false,true,https://www.deezer.com/en/artist/1020109,https://www.deezer.com/en/album/154364412,https://cdn-images.dzcdn.net/images/cover/5f69e64c44314ff6b1422829afe08503/40x40-000000-80-0-0.jpg
19,Joy,salute,Joy,House Afternoon,04:41,08/11/2021,By popularity: 4 / 10,true,false,https://www.deezer.com/en/artist/4046809,https://www.deezer.com/en/album/257368342,https://cdn-images.dzcdn.net/images/cover/64960550f13e4cf9fc8cce146aac08e7/40x40-000000-80-0-0.jpg
20,Bang (Harry & Erick Bang In Your Face Mix),Erick Morillo,Bang,House Afternoon,06:15,09/06/2022,By popularity: 2 / 10,true,false,https://www.deezer.com/en/artist/7190,https://www.deezer.com/en/album/6569985,https://cdn-images.dzcdn.net/images/cover/fce9c3c6e0e5b7b98f9c3477a0949234/40x40-000000-80-0-0.jpg
21,Nobody's Fool,ANOTR,Mighty Kingdom EP,House Afternoon,07:10,10/06/2022,By popularity: 1 / 10,false,false,https://www.deezer.com/en/artist/8948922,https://www.deezer.com/en/album/687733911,https://cdn-images.dzcdn.net/images/cover/02b3f073150a52be4706a55bd2797bfa/40x40-000000-80-0-0.jpg
22,At Night (Shakedown's Galactic Boogie),Shakedown,At Night (Remixes),House Afternoon,06:59,12/06/2022,By popularity: 2 / 10,false,true,https://www.deezer.com/en/artist/6824,https://www.deezer.com/en/album/687624861,https://cdn-images.dzcdn.net/images/cover/8ba28d32fbb77184d6193f8dc7b0fa79/40x40-000000-80-0-0.jpg
23,Sometimes The Going Gets A Little Tough (Mella Dee Going Got A Bit Tougher Mix),Finn,Sometimes The Going Gets A Little Tough,House Afternoon,05:39,12/06/2022,By popularity: 2 / 10,false,false,https://www.deezer.com/en/artist/175257,https://www.deezer.com/en/album/687766891,https://cdn-images.dzcdn.net/images/cover/8be1a3ba0c94d01ada9502c96a18bf66/40x40-000000-80-0-0.jpg
24,Carioca,Sergio Fernández,Miami Sampler 2012,House Afternoon,06:21,12/06/2022,By popularity: 2 / 10,false,false,https://www.deezer.com/en/artist/94798,https://www.deezer.com/en/album/1668532,https://cdn-images.dzcdn.net/images/cover/659b61d9afa7fd3156f17a7407b6f1b0/40x40-000000-80-0-0.jpg
25,39 Times (Confrontation) (Edit),CHANEY,39 Times (Confrontation),House Afternoon,03:05,12/06/2022,By popularity: 3 / 10,false,false,https://www.deezer.com/en/artist/118126,https://www.deezer.com/en/album/90362892,https://cdn-images.dzcdn.net/images/cover/05a4244aa1a61a82c1f7a8d5e64e0c21/40x40-000000-80-0-0.jpg
26,Calling Out (Riva Starr Warehouse Remix),Sophie Lloyd,Defected presents House Masters - Riva Starr,House Afternoon,07:53,12/06/2022,By popularity: 1 / 10,false,false,https://www.deezer.com/en/artist/310509471,https://www.deezer.com/en/album/687822121,https://cdn-images.dzcdn.net/images/cover/119d2aa97bed46a50330e577cd7d5c59/40x40-000000-80-0-0.jpg
27,Save Me (Qubiko Remix),Kevin McKay,Save Me (Qubiko Remix),House Afternoon,03:40,12/06/2022,By popularity: 2 / 10,false,false,https://www.deezer.com/en/artist/1361244,https://www.deezer.com/en/album/137903412,https://cdn-images.dzcdn.net/images/cover/a794a26b2a526aaa9b7fe82d9ef80247/40x40-000000-80-0-0.jpg
28,Jump N Shout (Erik Hagleton Radio Edit),Basement Jaxx,Jump N Shout,House Afternoon,03:28,03/07/2022,By popularity: 2 / 10,true,true,https://www.deezer.com/en/artist/795,https://www.deezer.com/en/album/14679742,https://cdn-images.dzcdn.net/images/cover/56778d9b14ca8766e6285f9d2e5c36c4/40x40-000000-80-0-0.jpg
29,Pop Your Pussy (2019 Rework Edit),Croatia Squad,Pop Your Pussy (2019 Rework),House Afternoon,02:55,03/07/2022,By popularity: 2 / 10,false,false,https://www.deezer.com/en/artist/1011353,https://www.deezer.com/en/album/95135362,https://cdn-images.dzcdn.net/images/cover/b6f8c13c11d1906e05442157abd68b8a/40x40-000000-80-0-0.jpg
30,Pepas,Farruko,Pepas,House Afternoon,04:47,03/07/2022,By popularity: 10 / 10,false,false,https://www.deezer.com/en/artist/614223,https://www.deezer.com/en/album/238972342,https://cdn-images.dzcdn.net/images/cover/1b88acc901e3beff139b5b4eea025802/40x40-000000-80-0-0.jpg
31,Ferrari,James Hype,Ferrari,House Afternoon,03:05,03/07/2022,By popularity: 8 / 10,false,true,https://www.deezer.com/en/artist/8205210,https://www.deezer.com/en/album/307700657,https://cdn-images.dzcdn.net/images/cover/d840cb39e0cd999d372bfee6addb07ec/40x40-000000-80-0-0.jpg
32,Acapulco,Jason Derülo,Acapulco,House Afternoon,02:19,03/07/2022,By popularity: 8 / 10,false,true,https://www.deezer.com/en/artist/249599,https://www.deezer.com/en/album/254203522,https://cdn-images.dzcdn.net/images/cover/9558f236d4d01b83fe127eb5e8db5cab/40x40-000000-80-0-0.jpg
33,Suavemente,Soolking,Suavemente,House Afternoon,02:39,03/07/2022,By popularity: 10 / 10,false,true,https://www.deezer.com/en/artist/10189104,https://www.deezer.com/en/album/297350962,https://cdn-images.dzcdn.net/images/cover/cc8599644826ed15bb892f12bc88b418/40x40-000000-80-0-0.jpg
34,Wellerman (Sea Shanty / 220 KID x Billen Ted Remix),Nathan Evans,Wellerman (Sea Shanty / 220 KID x Billen Ted Remix),House Afternoon,01:57,03/07/2022,By popularity: 7 / 10,false,true,https://www.deezer.com/en/artist/5072975,https://www.deezer.com/en/album/201834742,https://cdn-images.dzcdn.net/images/cover/4bcd0a23f7458e9a7f8f23346f48d9fb/40x40-000000-80-0-0.jpg
35,Move Your Body,Öwnboss,Move Your Body,House Afternoon,02:37,03/07/2022,By popularity: 7 / 10,false,true,https://www.deezer.com/en/artist/11546917,https://www.deezer.com/en/album/263795482,https://cdn-images.dzcdn.net/images/cover/e38209b158e3a9a5eb63e5a799bf6da8/40x40-000000-80-0-0.jpg
36,Afraid To Feel,LF SYSTEM,Afraid To Feel,House Afternoon,02:57,26/07/2022,By popularity: 8 / 10,true,false,https://www.deezer.com/en/artist/83412552,https://www.deezer.com/en/album/307094727,https://cdn-images.dzcdn.net/images/cover/cd5a4a6939e4a368f36067d804bb6124/40x40-000000-80-0-0.jpg
37,Bayside (Radio Edit),Obskür,Bayside,House Afternoon,03:17,26/07/2022,By popularity: 7 / 10,false,true,https://www.deezer.com/en/artist/71641172,https://www.deezer.com/en/album/184529552,https://cdn-images.dzcdn.net/images/cover/a478ad78ec2b5e7f86b0c4f017af3452/40x40-000000-80-0-0.jpg
38,I'm Alive (2019 Remaster),Stretch & Vern,I'm Alive (Remastered & Remixed 2019),House Afternoon,07:15,26/07/2022,By popularity: 3 / 10,false,true,https://www.deezer.com/en/artist/12588,https://www.deezer.com/en/album/93025962,https://cdn-images.dzcdn.net/images/cover/ad18075e6f2dcc2f94cc1e434df220cd/40x40-000000-80-0-0.jpg
39,Let the Sun Shine (Purple Disco Machine Remix),Milk & Sugar,Let the Sun Shine (Purple Disco Machine Remix),House Afternoon,02:46,26/07/2022,By popularity: 3 / 10,false,true,https://www.deezer.com/en/artist/9961,https://www.deezer.com/en/album/216963832,https://cdn-images.dzcdn.net/images/cover/cdbfacdb1fc637da20b385a03fb7c37c/40x40-000000-80-0-0.jpg
40,Homeless,Mr. Belt & Wezol,Homeless,House Afternoon,03:48,26/07/2022,By popularity: 6 / 10,false,false,https://www.deezer.com/en/artist/5843414,https://www.deezer.com/en/album/174943222,https://cdn-images.dzcdn.net/images/cover/95bff15745439f17998ef6ff2f2f7be7/40x40-000000-80-0-0.jpg
41,Prove,Cleavage,Prove,House Afternoon,04:39,27/07/2022,By popularity: 3 / 10,false,false,https://www.deezer.com/en/artist/5831759,https://www.deezer.com/en/album/56648432,https://cdn-images.dzcdn.net/images/cover/4b29782efe85da18091c4737f05637e8/40x40-000000-80-0-0.jpg
42,Aquarius,Oliver Heldens,Aquarius,House Afternoon,03:44,27/07/2022,By popularity: 4 / 10,false,false,https://www.deezer.com/en/artist/4777520,https://www.deezer.com/en/album/122412282,https://cdn-images.dzcdn.net/images/cover/05df5e17db36b15107767c953f16a18e/40x40-000000-80-0-0.jpg
43,Travolta,Arno Cost,Travolta,House Afternoon,03:32,27/07/2022,By popularity: 3 / 10,false,true,https://www.deezer.com/en/artist/75141,https://www.deezer.com/en/album/90815022,https://cdn-images.dzcdn.net/images/cover/131cf0dbb4be85234500ad3e27d3a2e3/40x40-000000-80-0-0.jpg
44,Let the Sun Shine 2012 (Tocadisco Radio Edit),Milk & Sugar,Let the Sun Shine 2012,House Afternoon,03:12,27/07/2022,By popularity: 5 / 10,false,false,https://www.deezer.com/en/artist/9961,https://www.deezer.com/en/album/5503271,https://cdn-images.dzcdn.net/images/cover/718c0890819bd1af023406727bec3232/40x40-000000-80-0-0.jpg
45,Funky Town,ACRAZE,Funky Town,House Afternoon,02:37,27/07/2022,By popularity: 5 / 10,false,false,https://www.deezer.com/en/artist/12869727,https://www.deezer.com/en/album/201257482,https://cdn-images.dzcdn.net/images/cover/108f468a523702f7def44cb8f46bf484/40x40-000000-80-0-0.jpg
46,Douha (Mali Mali) (Edit),Disclosure,Douha (Mali Mali),House Afternoon,02:51,27/07/2022,By popularity: 6 / 10,false,true,https://www.deezer.com/en/artist/409796,https://www.deezer.com/en/album/163012572,https://cdn-images.dzcdn.net/images/cover/f2cf07ed17f9102ee2a0275fa0560097/40x40-000000-80-0-0.jpg
47,Drop The Pressure,Claptone,Drop The Pressure,House Afternoon,03:00,27/07/2022,By popularity: 5 / 10,false,true,https://www.deezer.com/en/artist/1446147,https://www.deezer.com/en/album/133631212,https://cdn-images.dzcdn.net/images/cover/cf17423ed12c318d7203af42e72391ce/40x40-000000-80-0-0.jpg
48,Gimme Gimme (Club Mix),Kevin McKay,Gimme Gimme (feat. Bleech),House Afternoon,03:30,27/07/2022,By popularity: 1 / 10,false,false,https://www.deezer.com/en/artist/1361244,https://www.deezer.com/en/album/471570835,https://cdn-images.dzcdn.net/images/cover/c01f7665060fd15687b3cbbb5311fd9d/40x40-000000-80-0-0.jpg
49,Just Be Good To Me (Radio Edit),Earth N Days,Just Be Good To Me,House Afternoon,03:37,27/07/2022,By popularity: 5 / 10,false,true,https://www.deezer.com/en/artist/12179682,https://www.deezer.com/en/album/128462282,https://cdn-images.dzcdn.net/images/cover/4b1b3afc4517ca32b2ff6026cb55861b/40x40-000000-80-0-0.jpg
50,Stronger,Dombresky,Stronger,House Afternoon,02:54,27/07/2022,By popularity: 3 / 10,false,false,https://www.deezer.com/en/artist/9299302,https://www.deezer.com/en/album/132746042,https://cdn-images.dzcdn.net/images/cover/66fb9b5c5985699cb242bec4741a1464/40x40-000000-80-0-0.jpg
51,Dance and Chant,Yolanda Be Cool,Dance and Chant,House Afternoon,03:10,27/07/2022,By popularity: 2 / 10,false,true,https://www.deezer.com/en/artist/392204,https://www.deezer.com/en/album/78111452,https://cdn-images.dzcdn.net/images/cover/e6bc15b9d494f55f3a6578f24a3856fa/40x40-000000-80-0-0.jpg
52,Some People Say : Some People Say (Radio Edit),Semedo,Some People Say,House Afternoon,02:57,27/07/2022,By popularity: 5 / 10,false,false,https://www.deezer.com/en/artist/4625610,https://www.deezer.com/en/album/12440514,https://cdn-images.dzcdn.net/images/cover/e9b2cf6d4f392487a737ad65cb1ba222/40x40-000000-80-0-0.jpg
53,What You Feel (Radio Edit),Earth N Days,What You Feel,House Afternoon,03:31,27/07/2022,By popularity: 4 / 10,false,true,https://www.deezer.com/en/artist/12179682,https://www.deezer.com/en/album/192754722,https://cdn-images.dzcdn.net/images/cover/97049d7a18e8dd9c4df5ac0c0aafb6b7/40x40-000000-80-0-0.jpg
54,On My Mind (Purple Disco Machine Remix),Diplo,On My Mind (Purple Disco Machine Remix),House Afternoon,04:23,27/07/2022,By popularity: 6 / 10,false,false,https://www.deezer.com/en/artist/1846,https://www.deezer.com/en/album/144864682,https://cdn-images.dzcdn.net/images/cover/806e6f69f4c1470dbecff5fda8baff67/40x40-000000-80-0-0.jpg
55,Your Love,Mercer,Your Love,House Afternoon,03:20,27/07/2022,By popularity: 3 / 10,false,false,https://www.deezer.com/en/artist/335085,https://www.deezer.com/en/album/85966472,https://cdn-images.dzcdn.net/images/cover/699ce1ee9ef4effdb4bfb18c718c5978/40x40-000000-80-0-0.jpg
56,Everything (Radio Edit),Earth N Days,Everything,House Afternoon,03:41,27/07/2022,By popularity: 3 / 10,false,true,https://www.deezer.com/en/artist/12179682,https://www.deezer.com/en/album/130366682,https://cdn-images.dzcdn.net/images/cover/f4dc049de04839a09475ad856c48082b/40x40-000000-80-0-0.jpg
57,Smiley Face,Duck Sauce,Smiley Face / Get to Steppin,House Afternoon,03:30,27/07/2022,By popularity: 3 / 10,false,true,https://www.deezer.com/en/artist/305579,https://www.deezer.com/en/album/189427672,https://cdn-images.dzcdn.net/images/cover/8ea0dace9bacd95eaf080556afd29643/40x40-000000-80-0-0.jpg
58,Feel My Needs,Weiss (UK),Feel My Needs,House Afternoon,03:28,27/07/2022,By popularity: 6 / 10,false,true,https://www.deezer.com/en/artist/5305397,https://www.deezer.com/en/album/61297932,https://cdn-images.dzcdn.net/images/cover/33de72c6c31ef0d47b907818d66bbd6d/40x40-000000-80-0-0.jpg
59,The One,Ferdinand Weber,The One,House Afternoon,03:07,27/07/2022,By popularity: 3 / 10,false,false,https://www.deezer.com/en/artist/6731971,https://www.deezer.com/en/album/98015862,https://cdn-images.dzcdn.net/images/cover/42a113f0ee20cbb1d3a15d52881e9ce5/40x40-000000-80-0-0.jpg
60,Move Your Body,Marshall Jefferson,Move Your Body,House Afternoon,03:16,27/07/2022,By popularity: 6 / 10,true,true,https://www.deezer.com/en/artist/411542,https://www.deezer.com/en/album/114141302,https://cdn-images.dzcdn.net/images/cover/302040e3d77672a72eea848dcfa4fe93/40x40-000000-80-0-0.jpg
61,VICE,Gregson,VICE,House Afternoon,04:49,27/07/2022,By popularity: 4 / 10,false,false,https://www.deezer.com/en/artist/378396,https://www.deezer.com/en/album/267360252,https://cdn-images.dzcdn.net/images/cover/4adf3282de2a5883229a63b1ed6e8986/40x40-000000-80-0-0.jpg
62,I Feel for You (Mercer Remix),Bob Sinclar,I Feel for You (Mercer Remix),House Afternoon,03:08,27/07/2022,By popularity: 3 / 10,false,true,https://www.deezer.com/en/artist/157,https://www.deezer.com/en/album/551930782,https://cdn-images.dzcdn.net/images/cover/433d239ff0c50e34ddc6031df2a8bf90/40x40-000000-80-0-0.jpg
63,Boogie Wonderland,Mr. Belt & Wezol,Boogie Wonderland,House Afternoon,02:48,27/07/2022,By popularity: 4 / 10,false,false,https://www.deezer.com/en/artist/5843414,https://www.deezer.com/en/album/56613952,https://cdn-images.dzcdn.net/images/cover/7defa8e00fc1c58c695268741c4e315b/40x40-000000-80-0-0.jpg
64,Thru Your Mind,Bassboy,Thru Your Mind,House Afternoon,04:41,27/07/2022,By popularity: 4 / 10,false,false,https://www.deezer.com/en/artist/380389,https://www.deezer.com/en/album/174338512,https://cdn-images.dzcdn.net/images/cover/bad7069f44a2466984006be464497c0d/40x40-000000-80-0-0.jpg
65,Los Choukarios,Bellecour,Los Choukarios,House Afternoon,03:17,27/07/2022,By popularity: 5 / 10,false,false,https://www.deezer.com/en/artist/10938506,https://www.deezer.com/en/album/389138257,https://cdn-images.dzcdn.net/images/cover/9488b89f43c2d0e2fca39299e88b0f6c/40x40-000000-80-0-0.jpg
66,Funky Vodka,TJR,Funky Vodka,House Afternoon,06:02,27/07/2022,By popularity: 4 / 10,false,false,https://www.deezer.com/en/artist/869216,https://www.deezer.com/en/album/14109378,https://cdn-images.dzcdn.net/images/cover/93e3bad20ddeaf171795ff0c3a8c5f05/40x40-000000-80-0-0.jpg
67,Summer 91,Noizu,Summer 91,House Afternoon,02:29,27/07/2022,By popularity: 5 / 10,false,true,https://www.deezer.com/en/artist/11651043,https://www.deezer.com/en/album/176185202,https://cdn-images.dzcdn.net/images/cover/bb6213e1992306880bc88e8f0af19269/40x40-000000-80-0-0.jpg
68,Poison,Klaus Veen,Lekker Setje Beats,House Afternoon,03:11,27/07/2022,By popularity: 5 / 10,false,false,https://www.deezer.com/en/artist/13780213,https://www.deezer.com/en/album/579052101,https://cdn-images.dzcdn.net/images/cover/3d7b074a60f74d1b2327445616613047/40x40-000000-80-0-0.jpg
69,Oye Como Va,Faul & Wad Ad,Oye Como Va,House Afternoon,03:05,27/07/2022,By popularity: 4 / 10,false,false,https://www.deezer.com/en/artist/5330515,https://www.deezer.com/en/album/499554341,https://cdn-images.dzcdn.net/images/cover/5a72b38ab7074fc9889a1af6d2725c15/40x40-000000-80-0-0.jpg
70,Time for You & Me,Mangabey,Time For You & Me,House Afternoon,03:44,12/08/2022,By popularity: 4 / 10,true,false,https://www.deezer.com/en/artist/5482010,https://www.deezer.com/en/album/235251102,https://cdn-images.dzcdn.net/images/cover/481645213c17744bc526372b6262a3cd/40x40-000000-80-0-0.jpg
71,Streets (Disclosure Remix),Doja Cat,Streets (Disclosure Remix),House Afternoon,04:14,12/08/2022,By popularity: 4 / 10,false,false,https://www.deezer.com/en/artist/5578942,https://www.deezer.com/en/album/213537972,https://cdn-images.dzcdn.net/images/cover/3b679184d97109f079c5f7fc1e243fe7/40x40-000000-80-0-0.jpg
72,Brother Louie,VIZE,Brother Louie,House Afternoon,02:52,13/08/2022,By popularity: 4 / 10,false,true,https://www.deezer.com/en/artist/534771,https://www.deezer.com/en/album/156660422,https://cdn-images.dzcdn.net/images/cover/70b163ef342ab26feef6f1bfaf8640fa/40x40-000000-80-0-0.jpg
73,Stay Mine,Timmy Trumpet,Stay Mine,House Afternoon,02:58,14/08/2022,By popularity: 4 / 10,true,false,https://www.deezer.com/en/artist/661247,https://www.deezer.com/en/album/213734852,https://cdn-images.dzcdn.net/images/cover/e512579966cd23a405998583c112b814/40x40-000000-80-0-0.jpg
74,Baby,Aitch,Baby,House Afternoon,02:58,15/08/2022,By popularity: 5 / 10,true,false,https://www.deezer.com/en/artist/507896,https://www.deezer.com/en/album/300230367,https://cdn-images.dzcdn.net/images/cover/9fd2d000405510cc30cba8ba4682dc7d/40x40-000000-80-0-0.jpg
75,Jama Ko (Masalo Blueprint Version),Bassekou Kouyate,Jama Ko,House Afternoon,08:10,16/08/2022,By popularity: 1 / 10,false,false,https://www.deezer.com/en/artist/398173,https://www.deezer.com/en/album/59251052,https://cdn-images.dzcdn.net/images/cover/b1850b63885bcf273f3311ad0aec6a7d/40x40-000000-80-0-0.jpg
76,Savane Colour,Tomasz Wakulewski,Savane Colour EP,House Afternoon,04:41,16/08/2022,By popularity: 1 / 10,false,false,https://www.deezer.com/en/artist/1880771,https://www.deezer.com/en/album/152147952,https://cdn-images.dzcdn.net/images/cover/4b94f7b1915b69e3122550696fdaeaa4/40x40-000000-80-0-0.jpg
77,Matinee (Original Mix),Snacks,Burnin',House Afternoon,06:28,16/08/2022,By popularity: 2 / 10,false,false,https://www.deezer.com/en/artist/281105,https://www.deezer.com/en/album/14058656,https://cdn-images.dzcdn.net/images/cover/fd3e49ea62161cddd327786777d39de3/40x40-000000-80-0-0.jpg
78,King of My Castle,Mangabey,King of My Castle,House Afternoon,06:53,18/08/2022,By popularity: 0 / 10,false,false,https://www.deezer.com/en/artist/5482010,https://www.deezer.com/en/album/321283397,https://cdn-images.dzcdn.net/images/cover/09d6a4eeae64390f7abeed579dbf1cf9/40x40-000000-80-0-0.jpg
79,Twist and Shout,Adam Bü,Twist and Shout,House Afternoon,02:45,19/09/2022,By popularity: 5 / 10,false,false,https://www.deezer.com/en/artist/61242852,https://www.deezer.com/en/album/374824357,https://cdn-images.dzcdn.net/images/cover/3ae892e970db25826b946c58c76d9608/40x40-000000-80-0-0.jpg
80,Hot N Cold,Klaas,Hot N Cold,House Afternoon,02:36,19/09/2022,By popularity: 5 / 10,false,false,https://www.deezer.com/en/artist/90516,https://www.deezer.com/en/album/203496182,https://cdn-images.dzcdn.net/images/cover/9cce5475570b9f147569af87bbf4e5df/40x40-000000-80-0-0.jpg
81,Sunglasses At Night,Eastblock Bitches,Sunglasses At Night,House Afternoon,03:12,19/09/2022,By popularity: 4 / 10,false,false,https://www.deezer.com/en/artist/12245482,https://www.deezer.com/en/album/168573292,https://cdn-images.dzcdn.net/images/cover/1a70a7445310ec9205df3f78f744052f/40x40-000000-80-0-0.jpg
82,Clap Your Hands (Vladimir Cauchemar Remix),Kungs,Club Azur,House Afternoon,02:28,22/09/2022,By popularity: 2 / 10,false,true,https://www.deezer.com/en/artist/5992092,https://www.deezer.com/en/album/312783537,https://cdn-images.dzcdn.net/images/cover/700f3780b4baf82db16a0885df0f7d10/40x40-000000-80-0-0.jpg
83,Sete,BLOND:ISH,Sete,House Afternoon,03:29,23/09/2022,By popularity: 7 / 10,false,true,https://www.deezer.com/en/artist/1179872,https://www.deezer.com/en/album/389147877,https://cdn-images.dzcdn.net/images/cover/0db8101b2f9fdb8b168c0213bc4cfc9b/40x40-000000-80-0-0.jpg
84,Get This Feeling,Mark Knight,Get This Feeling,House Afternoon,02:50,11/10/2022,By popularity: 2 / 10,false,true,https://www.deezer.com/en/artist/4599,https://www.deezer.com/en/album/265317102,https://cdn-images.dzcdn.net/images/cover/97ace73dd8ed4dd338235186e9af7fce/40x40-000000-80-0-0.jpg
85,Believer,LP Giobbi,Believer,House Afternoon,03:14,11/10/2022,By popularity: 4 / 10,false,false,https://www.deezer.com/en/artist/14569723,https://www.deezer.com/en/album/221494762,https://cdn-images.dzcdn.net/images/cover/cf3a1ed834837e0e85605eff64d679c4/40x40-000000-80-0-0.jpg
86,Blackpool Boulevard (Edit),Anish Kumar,Blackpool Boulevard,House Afternoon,03:35,11/10/2022,By popularity: 2 / 10,false,false,https://www.deezer.com/en/artist/4105435,https://www.deezer.com/en/album/263255962,https://cdn-images.dzcdn.net/images/cover/1f26d3111845e85bf0c80abbef08513a/40x40-000000-80-0-0.jpg
87,Stupidisco (David Penn Remix),Junior Jack,Stupidisco (David Penn Remix),House Afternoon,03:11,11/10/2022,By popularity: 5 / 10,false,false,https://www.deezer.com/en/artist/2319,https://www.deezer.com/en/album/236428832,https://cdn-images.dzcdn.net/images/cover/2d0489fe0d7a98d61f40359901444ac3/40x40-000000-80-0-0.jpg
88,Blessing In This House,Picard Brothers,Blessing In This House,House Afternoon,03:19,11/10/2022,By popularity: 2 / 10,false,false,https://www.deezer.com/en/artist/7125715,https://www.deezer.com/en/album/225053072,https://cdn-images.dzcdn.net/images/cover/9223b707ea160154912f78dd69d368db/40x40-000000-80-0-0.jpg
89,Psycho Disco,Punky Wash,Don't Tell Me,House Afternoon,06:34,11/10/2022,By popularity: 2 / 10,false,false,https://www.deezer.com/en/artist/68420,https://www.deezer.com/en/album/308796347,https://cdn-images.dzcdn.net/images/cover/9776e91d2efc2b1ad1838b7cfff6c024/40x40-000000-80-0-0.jpg
90,Spiritual Thing,Marvin Aloys,Spiritual Thing,House Afternoon,03:38,11/10/2022,By popularity: 2 / 10,false,false,https://www.deezer.com/en/artist/4366956,https://www.deezer.com/en/album/244648692,https://cdn-images.dzcdn.net/images/cover/10e6d60a73536cb89c049b97e8f07788/40x40-000000-80-0-0.jpg
91,You Don't Know Me,Duane Harden,You Don't Know Me,House Afternoon,03:35,11/10/2022,By popularity: 3 / 10,false,false,https://www.deezer.com/en/artist/1919381,https://www.deezer.com/en/album/499533981,https://cdn-images.dzcdn.net/images/cover/1e1712bb49f2291459543214b20573cf/40x40-000000-80-0-0.jpg
92,Waiting 4 U (Sebb Junior Remix),In It Together,Waiting 4 U,House Afternoon,03:19,17/10/2022,By popularity: 3 / 10,false,false,https://www.deezer.com/en/artist/10626091,https://www.deezer.com/en/album/308756167,https://cdn-images.dzcdn.net/images/cover/77b4b17d2c13ba0c65ae8c7a364fcd7e/40x40-000000-80-0-0.jpg
93,Goodnight,Husko,Goodnight,House Afternoon,03:50,17/10/2022,By popularity: 1 / 10,false,false,https://www.deezer.com/en/artist/4443878,https://www.deezer.com/en/album/486155085,https://cdn-images.dzcdn.net/images/cover/4e9899af62adad6db48ec003011fc022/40x40-000000-80-0-0.jpg
94,Beat Goes On (DnB Flip),Spencer Ramsay,Beat Goes On (DnB Flip),House Afternoon,02:25,28/10/2022,By popularity: 4 / 10,true,false,https://www.deezer.com/en/artist/55944552,https://www.deezer.com/en/album/363449407,https://cdn-images.dzcdn.net/images/cover/e9eb3972fec9fa83daa11873642ddbde/40x40-000000-80-0-0.jpg
95,So Good,EDX,So Good,House Afternoon,03:13,08/12/2022,By popularity: 2 / 10,false,false,https://www.deezer.com/en/artist/168126,https://www.deezer.com/en/album/368229147,https://cdn-images.dzcdn.net/images/cover/aaf3fa3fb65d99ae9262c0d8cebce12f/40x40-000000-80-0-0.jpg
96,Escapism.,RAYE,Escapism. / The Thrill Is Gone.,House Afternoon,04:32,19/01/2023,By popularity: 9 / 10,true,false,https://www.deezer.com/en/artist/805948,https://www.deezer.com/en/album/359002507,https://cdn-images.dzcdn.net/images/cover/87d3870a44a28f2ba5695e12059072b0/40x40-000000-80-0-0.jpg
97,Last Night a D.J. Saved My Life (Smeddles More Ass Edit),Indeep,Last Night a D.J. Saved My Life (Smeddles More Ass Mix),House Afternoon,03:32,17/02/2023,By popularity: 6 / 10,true,true,https://www.deezer.com/en/artist/3464,https://www.deezer.com/en/album/355816907,https://cdn-images.dzcdn.net/images/cover/e66a5da0550ed949413f612aa2fbc743/40x40-000000-80-0-0.jpg
98,That Girl,Phil Fuldner,That Girl,House Afternoon,02:28,17/02/2023,By popularity: 3 / 10,false,true,https://www.deezer.com/en/artist/150461,https://www.deezer.com/en/album/278662942,https://cdn-images.dzcdn.net/images/cover/db4e5d6113d33317ba5c4f194abfc670/40x40-000000-80-0-0.jpg
99,10:35,Tiësto,10:35,House Afternoon,02:52,20/02/2023,By popularity: 8 / 10,false,false,https://www.deezer.com/en/artist/434,https://www.deezer.com/en/album/370313207,https://cdn-images.dzcdn.net/images/cover/172ef708c2dddefc65022567688bb477/40x40-000000-80-0-0.jpg
100,Gipsy Woman,Ismatricule,Gipsy Woman,House Afternoon,03:43,23/02/2023,By popularity: 3 / 10,false,true,https://www.deezer.com/en/artist/116470752,https://www.deezer.com/en/album/616041622,https://cdn-images.dzcdn.net/images/cover/d423a7429c1b0802dab00b0027a1e7e4/40x40-000000-80-0-0.jpg
101,BESAME MUCHO (feat. Arely Vega),Audioiko,BESAME MUCHO (feat. Arely Vega),House Afternoon,03:05,23/02/2023,By popularity: 5 / 10,false,false,https://www.deezer.com/en/artist/6342182,https://www.deezer.com/en/album/375794047,https://cdn-images.dzcdn.net/images/cover/6fdbc5da4e9d1391f0ecce0b5eea48a6/40x40-000000-80-0-0.jpg
102,Believe (Ministers Vocal Mix),Ministers De La Funk,Believe,House Afternoon,08:31,02/03/2023,By popularity: 4 / 10,false,false,https://www.deezer.com/en/artist/1569277,https://www.deezer.com/en/album/63966902,https://cdn-images.dzcdn.net/images/cover/342db587f3f34348eacd0aad8f6b2d44/40x40-000000-80-0-0.jpg
103,Love Me Land,Zara Larsson,Poster Girl,House Afternoon,02:39,15/03/2023,By popularity: 3 / 10,false,false,https://www.deezer.com/en/artist/4331004,https://www.deezer.com/en/album/210784902,https://cdn-images.dzcdn.net/images/cover/f92496381ea0a9affed0291eb23c535e/40x40-000000-80-0-0.jpg
104,Black Mascara.,RAYE,My 21st Century Blues,House Afternoon,03:59,15/03/2023,By popularity: 6 / 10,false,false,https://www.deezer.com/en/artist/805948,https://www.deezer.com/en/album/393727427,https://cdn-images.dzcdn.net/images/cover/46b0d2cec9a5a6dcb192d8e8d910587b/40x40-000000-80-0-0.jpg
105,Lady (Hear Me Tonight),Modjo,Modjo (Remastered),House Afternoon,05:07,16/03/2023,By popularity: 9 / 10,false,false,https://www.deezer.com/en/artist/1545,https://www.deezer.com/en/album/6883573,https://cdn-images.dzcdn.net/images/cover/0cc5f4e1e3aee3eb30546097bbfadb60/40x40-000000-80-0-0.jpg
106,Ossumba,Bomel,Ossumba,House Afternoon,04:54,02/05/2023,By popularity: 4 / 10,false,false,https://www.deezer.com/en/artist/63297152,https://www.deezer.com/en/album/613185582,https://cdn-images.dzcdn.net/images/cover/46064498b87c5f1417529c538f74ad77/40x40-000000-80-0-0.jpg
107,Expressing What Matters,Disclosure,Ecstasy,House Afternoon,04:23,03/05/2023,By popularity: 4 / 10,true,true,https://www.deezer.com/en/artist/409796,https://www.deezer.com/en/album/133106672,https://cdn-images.dzcdn.net/images/cover/fcb61c22f2b6ca1973d07aaa9b68f95f/40x40-000000-80-0-0.jpg
108,Dangerous City (feat. Buju Banton),dvsn,Dangerous City (feat. Buju Banton),House Afternoon,04:06,03/05/2023,By popularity: 3 / 10,true,false,https://www.deezer.com/en/artist/8835400,https://www.deezer.com/en/album/459351685,https://cdn-images.dzcdn.net/images/cover/255c8a5a97a1b08caaa5aaba9664dc24/40x40-000000-80-0-0.jpg
109,So Flute,St Germain,Tourist (Remastered),House Afternoon,08:27,03/05/2023,By popularity: 6 / 10,true,false,https://www.deezer.com/en/artist/1469025,https://www.deezer.com/en/album/3491981,https://cdn-images.dzcdn.net/images/cover/ef0909ad6c77adb1d70e49040b678b88/40x40-000000-80-0-0.jpg
110,Unstoppable (FKJ Remix),Lianne La Havas,Unstoppable (FKJ Remix),House Afternoon,05:16,03/05/2023,By popularity: 4 / 10,true,false,https://www.deezer.com/en/artist/1154879,https://www.deezer.com/en/album/10715432,https://cdn-images.dzcdn.net/images/cover/2e6200b60506b4dd83f031ad2bb5962f/40x40-000000-80-0-0.jpg
111,Zé Péquéno (Zé Péquéno),Joe Lewandowski,Loves You (Loves You),House Afternoon,04:07,03/05/2023,By popularity: 1 / 10,true,false,https://www.deezer.com/en/artist/11308726,https://www.deezer.com/en/album/601711502,https://cdn-images.dzcdn.net/images/cover/f7647dfae813022ced9890ec01e9ec87/40x40-000000-80-0-0.jpg
112,You Need Me (feat. Maxine Ashley & Sun-El Musician),Black Coffee,Subconsciously,House Afternoon,06:15,03/05/2023,By popularity: 5 / 10,false,true,https://www.deezer.com/en/artist/314870,https://www.deezer.com/en/album/501981441,https://cdn-images.dzcdn.net/images/cover/22ea5aaefd1f284d0f6ec916275e3fe1/40x40-000000-80-0-0.jpg
113,EQUILIBRIUM,Darius,OASIS (Prelude),House Afternoon,04:49,03/05/2023,By popularity: 2 / 10,false,true,https://www.deezer.com/en/artist/12049,https://www.deezer.com/en/album/264422052,https://cdn-images.dzcdn.net/images/cover/96c8a4ace18468d2d36f3e533ad45a3a/40x40-000000-80-0-0.jpg
114,Profite (Kazy Lambist Remix),Moi Je,Profite (Remixes),House Afternoon,03:18,03/05/2023,By popularity: 5 / 10,true,false,https://www.deezer.com/en/artist/6125004,https://www.deezer.com/en/album/12207024,https://cdn-images.dzcdn.net/images/cover/abf0f582cd5bd0cc7c2ac982d665d041/40x40-000000-80-0-0.jpg
115,All Of The Time (DJ Streaks Remix),Jungle,All Of The Time (DJ Streaks Remix),House Afternoon,04:46,03/05/2023,By popularity: 5 / 10,false,true,https://www.deezer.com/en/artist/436163,https://www.deezer.com/en/album/353217877,https://cdn-images.dzcdn.net/images/cover/7e5c0eaaa9946e25aa4abde796c1cddb/40x40-000000-80-0-0.jpg
116,Beat Goes On (Rhythm to the Brain),Campbell,Beat Goes On (Rhythm to the Brain),House Afternoon,02:13,03/05/2023,By popularity: 6 / 10,true,false,https://www.deezer.com/en/artist/185673817,https://www.deezer.com/en/album/363461947,https://cdn-images.dzcdn.net/images/cover/ee4b594a6c19a364ba3e905788a3424e/40x40-000000-80-0-0.jpg
117,dreamin',53 Thieves,after hours,House Afternoon,03:27,03/05/2023,By popularity: 4 / 10,false,true,https://www.deezer.com/en/artist/71664682,https://www.deezer.com/en/album/127103802,https://cdn-images.dzcdn.net/images/cover/3b46226011388cbb2f36c8a3c07e911c/40x40-000000-80-0-0.jpg
118,Queen Assa,Neue Grafik Ensemble,Foulden Road Part II,House Afternoon,03:42,03/05/2023,By popularity: 1 / 10,false,false,https://www.deezer.com/en/artist/67946722,https://www.deezer.com/en/album/267527682,https://cdn-images.dzcdn.net/images/cover/77a23475797270138feb156dc592b25c/40x40-000000-80-0-0.jpg
119,marseille,Connor,france,House Afternoon,01:30,03/05/2023,By popularity: 4 / 10,false,false,https://www.deezer.com/en/artist/1373366,https://www.deezer.com/en/album/202077902,https://cdn-images.dzcdn.net/images/cover/01d087b1af3f7680ce4d3553e297a4ab/40x40-000000-80-0-0.jpg
120,Miracle,Julian Perretta,Miracle,House Afternoon,02:41,03/05/2023,By popularity: 5 / 10,false,true,https://www.deezer.com/en/artist/490419,https://www.deezer.com/en/album/12225026,https://cdn-images.dzcdn.net/images/cover/5da9dd05bb2373536d1cf7180d498a9b/40x40-000000-80-0-0.jpg
121,Stormy Weather,DJ Zky,Cabinet 24,House Afternoon,06:21,03/05/2023,By popularity: 2 / 10,false,false,https://www.deezer.com/en/artist/5169672,https://www.deezer.com/en/album/61056542,https://cdn-images.dzcdn.net/images/cover/2b3d71ac6a987458b4278fb2d003a7df/40x40-000000-80-0-0.jpg
122,Sittin' Here,St Germain,St Germain,House Afternoon,06:23,03/05/2023,By popularity: 3 / 10,false,false,https://www.deezer.com/en/artist/1469025,https://www.deezer.com/en/album/11303056,https://cdn-images.dzcdn.net/images/cover/4786c276d6091ee4fc94271008eb209c/40x40-000000-80-0-0.jpg
123,Arrow And Bow (Marek Hemmann Remix),Oliver Koletzki,Arrow And Bow,House Afternoon,07:11,03/05/2023,By popularity: 3 / 10,false,false,https://www.deezer.com/en/artist/10170,https://www.deezer.com/en/album/629544,https://cdn-images.dzcdn.net/images/cover/790662199023b9b87e8845285fd646dd/40x40-000000-80-0-0.jpg
124,Chasing the Light,The Same,Chasing the Light,House Afternoon,04:00,03/05/2023,By popularity: 4 / 10,false,false,https://www.deezer.com/en/artist/288857,https://www.deezer.com/en/album/7372174,https://cdn-images.dzcdn.net/images/cover/18ab67d11d5be83388938f11877f2215/40x40-000000-80-0-0.jpg
125,Netzwerk (Falls Like Rain),Klangkarussell,Netzwerk,House Afternoon,03:48,03/05/2023,By popularity: 5 / 10,true,true,https://www.deezer.com/en/artist/3559721,https://www.deezer.com/en/album/8082964,https://cdn-images.dzcdn.net/images/cover/ca9d819cdbcada1f7f52c8ad53f820cf/40x40-000000-80-0-0.jpg
126,Haven't You Heard (Fitzy's Fully Charged Mix),Alan Fitzpatrick,Haven't You Heard,House Afternoon,07:11,03/05/2023,By popularity: 2 / 10,true,true,https://www.deezer.com/en/artist/458008,https://www.deezer.com/en/album/130074952,https://cdn-images.dzcdn.net/images/cover/a3befd5fb6b98baaf9bac5b20b834214/40x40-000000-80-0-0.jpg
127,The Light (Original Short Edit),Tough Love,The Light,House Afternoon,03:21,03/05/2023,By popularity: 1 / 10,false,false,https://www.deezer.com/en/artist/3244121,https://www.deezer.com/en/album/93165412,https://cdn-images.dzcdn.net/images/cover/1cd2976d8bc3de24af829ff386f1dc7a/40x40-000000-80-0-0.jpg
128,Slow (Edit),Mambo Brothers,Slow,House Afternoon,04:03,03/05/2023,By popularity: 1 / 10,false,false,https://www.deezer.com/en/artist/6014014,https://www.deezer.com/en/album/720662541,https://cdn-images.dzcdn.net/images/cover/21298196c713712dceb6dbd79c9e2022/40x40-000000-80-0-0.jpg
129,Closer (R3hab Remix),The Chainsmokers,Closer (Remixes),House Afternoon,02:40,03/05/2023,By popularity: 4 / 10,false,false,https://www.deezer.com/en/artist/4104927,https://www.deezer.com/en/album/14101970,https://cdn-images.dzcdn.net/images/cover/172828fd1fd3ed0871cc5be5d6865fcd/40x40-000000-80-0-0.jpg
130,The Chant,Kryder,The Chant,House Afternoon,03:24,03/05/2023,By popularity: 2 / 10,false,false,https://www.deezer.com/en/artist/1209216,https://www.deezer.com/en/album/57925352,https://cdn-images.dzcdn.net/images/cover/f70bf8fcbfd5c61392692143be606bac/40x40-000000-80-0-0.jpg
131,SHY (feat. Brayton Bowman),The Magician,SHY (feat. Brayton Bowman),House Afternoon,03:24,03/05/2023,By popularity: 2 / 10,false,false,https://www.deezer.com/en/artist/994757,https://www.deezer.com/en/album/55517112,https://cdn-images.dzcdn.net/images/cover/5ac3471d60f70c5c5434dfbe2f38c551/40x40-000000-80-0-0.jpg
132,BOSS (Radio Edit),Disclosure,Moog For Love,House Afternoon,04:45,03/05/2023,By popularity: 3 / 10,false,true,https://www.deezer.com/en/artist/409796,https://www.deezer.com/en/album/13347309,https://cdn-images.dzcdn.net/images/cover/6ee9f4691bc02ee058229ae765cfb4bb/40x40-000000-80-0-0.jpg
133,Real Joy,Fono,Real Joy,House Afternoon,04:00,03/05/2023,By popularity: 1 / 10,false,false,https://www.deezer.com/en/artist/286830,https://www.deezer.com/en/album/9816784,https://cdn-images.dzcdn.net/images/cover/33a5e20779a91fef3dd8a2f429e81bae/40x40-000000-80-0-0.jpg
134,Enjoy Your Life,Romy,Enjoy Your Life,House Afternoon,04:00,12/05/2023,By popularity: 5 / 10,true,false,https://www.deezer.com/en/artist/188177,https://www.deezer.com/en/album/419788397,https://cdn-images.dzcdn.net/images/cover/5b1cdd5a758843283ace4ff5d041036a/40x40-000000-80-0-0.jpg
135,MADELINE,INJI,MADELINE,House Afternoon,03:24,13/05/2023,By popularity: 4 / 10,false,true,https://www.deezer.com/en/artist/103804122,https://www.deezer.com/en/album/354047437,https://cdn-images.dzcdn.net/images/cover/a4f312ad3e86e5323fcffb0073308245/40x40-000000-80-0-0.jpg
136,Captain Duck,Duck Sauce,Captain Duck / I Don't Mind,House Afternoon,02:46,14/05/2023,By popularity: 3 / 10,false,false,https://www.deezer.com/en/artist/305579,https://www.deezer.com/en/album/189427692,https://cdn-images.dzcdn.net/images/cover/bfacabe2e25136c8233a3e3865681dcc/40x40-000000-80-0-0.jpg
137,Build It Up,Fatima Yamaha,Build Back Bangers,House Afternoon,11:30,14/05/2023,By popularity: 1 / 10,false,false,https://www.deezer.com/en/artist/4016387,https://www.deezer.com/en/album/255765602,https://cdn-images.dzcdn.net/images/cover/8bb3f1b525944c0c922745d5b3dc47fb/40x40-000000-80-0-0.jpg
138,The Chant,Todd Edwards,The Chant,House Afternoon,03:06,14/05/2023,By popularity: 3 / 10,false,false,https://www.deezer.com/en/artist/11533,https://www.deezer.com/en/album/213503542,https://cdn-images.dzcdn.net/images/cover/6457610798aa27b91f253b2eefd301f5/40x40-000000-80-0-0.jpg
139,Touch Me,Rui Da Silva,In Search Of Sunrise 2,House Afternoon,08:33,18/05/2023,By popularity: 6 / 10,false,true,https://www.deezer.com/en/artist/8825,https://www.deezer.com/en/album/932044,https://cdn-images.dzcdn.net/images/cover/3b7b3fa29e11def602b2f73285890d08/40x40-000000-80-0-0.jpg
140,Turn Me On (feat. Vula),Riton,Turn Me On (feat. Vula),House Afternoon,03:28,20/05/2023,By popularity: 8 / 10,false,true,https://www.deezer.com/en/artist/82264,https://www.deezer.com/en/album/109082892,https://cdn-images.dzcdn.net/images/cover/79309e0a60b7fb24721749f20bb09de5/40x40-000000-80-0-0.jpg
141,Set U Free,Guz,Set U Free,House Afternoon,02:34,20/05/2023,By popularity: 3 / 10,false,false,https://www.deezer.com/en/artist/146740,https://www.deezer.com/en/album/202862612,https://cdn-images.dzcdn.net/images/cover/907d439427ce0a21a737501aea22e042/40x40-000000-80-0-0.jpg
142,"Voyage, voyage",Upsilone,"Voyage, voyage",House Afternoon,03:48,22/05/2023,By popularity: 5 / 10,false,false,https://www.deezer.com/en/artist/5922059,https://www.deezer.com/en/album/197205502,https://cdn-images.dzcdn.net/images/cover/9b804f77a66a6137ef63827ac643b4e2/40x40-000000-80-0-0.jpg
143,Funky Nassau (Radio Edit),Federico Scavo,Funky Nassau,House Afternoon,03:41,28/06/2023,By popularity: 3 / 10,false,true,https://www.deezer.com/en/artist/373227,https://www.deezer.com/en/album/6705635,https://cdn-images.dzcdn.net/images/cover/513acf5bf2cc8344acaefd1e473e8d7b/40x40-000000-80-0-0.jpg
144,Premier Gaou (Nitefreak Remix),Francis Mercier,Premier Gaou (Nitefreak Remix),House Afternoon,03:42,07/07/2023,By popularity: 7 / 10,false,true,https://www.deezer.com/en/artist/5180873,https://www.deezer.com/en/album/265066802,https://cdn-images.dzcdn.net/images/cover/1cdaa8bfaeb4dfb0b2185e40eb6c280d/40x40-000000-80-0-0.jpg
145,Lose My Mind,Jamie Jones,Lose My Mind,House Afternoon,03:01,07/07/2023,By popularity: 6 / 10,false,true,https://www.deezer.com/en/artist/15419,https://www.deezer.com/en/album/411119197,https://cdn-images.dzcdn.net/images/cover/dd6b0b5eadd1ff22d26eee8fd21a5e2c/40x40-000000-80-0-0.jpg
146,Be My Lover (feat. La Bouche) (2023 Mix),David Guetta,Be My Lover (feat. La Bouche) (2023 Mix),House Afternoon,02:49,07/07/2023,By popularity: 8 / 10,false,true,https://www.deezer.com/en/artist/542,https://www.deezer.com/en/album/428557987,https://cdn-images.dzcdn.net/images/cover/2ec46a125509b390a27816a6de0c0ae5/40x40-000000-80-0-0.jpg
147,Ay Carmela feat. Isach,Odeon,Ay Carmela feat. Isach,House Afternoon,02:36,16/07/2023,By popularity: 0 / 10,false,false,https://www.deezer.com/en/artist/78631762,https://www.deezer.com/en/album/116450142,https://cdn-images.dzcdn.net/images/cover/c5138d2e4db1ed6be7bda8063210f64f/40x40-000000-80-0-0.jpg
148,TAKE IT OFF,FISHER,TAKE IT OFF,House Afternoon,03:14,16/07/2023,By popularity: 6 / 10,false,true,https://www.deezer.com/en/artist/56125,https://www.deezer.com/en/album/456600635,https://cdn-images.dzcdn.net/images/cover/bde5a138ba890a161ddca2b0a3e60336/40x40-000000-80-0-0.jpg
149,Cartagena,Erick Morillo,Cartagena,House Afternoon,03:19,30/07/2023,By popularity: 1 / 10,false,false,https://www.deezer.com/en/artist/7190,https://www.deezer.com/en/album/70954612,https://cdn-images.dzcdn.net/images/cover/00deeac26747de507acd012339bce500/40x40-000000-80-0-0.jpg
150,Samba Sujo,Born Dirty,Samba Sujo,House Afternoon,03:08,30/07/2023,By popularity: 2 / 10,false,false,https://www.deezer.com/en/artist/7645914,https://www.deezer.com/en/album/117359322,https://cdn-images.dzcdn.net/images/cover/8ccd654d8eabae6ff7567445635b95ee/40x40-000000-80-0-0.jpg
151,Loca People (What the F..K!),The Lucky Bitz,DJ Clubbing Party - 50 Hot Dancefloor Hits,House Afternoon,03:35,31/07/2023,By popularity: 0 / 10,false,false,https://www.deezer.com/en/artist/5470407,https://www.deezer.com/en/album/7573394,https://cdn-images.dzcdn.net/images/cover/568f631f9b127de31319a9cfa75d4c3b/40x40-000000-80-0-0.jpg
152,Pra não dizer que não falei das flores,Jude & Frank,Pra não dizer que não falei das flores,House Afternoon,05:40,01/08/2023,By popularity: 2 / 10,false,false,https://www.deezer.com/en/artist/10017634,https://www.deezer.com/en/album/75073662,https://cdn-images.dzcdn.net/images/cover/d951503e21d9ce269372028083cec16a/40x40-000000-80-0-0.jpg
153,Stormy Weather,DJ Zky,Cabinet 24,House Afternoon,06:21,08/08/2023,By popularity: 2 / 10,false,false,https://www.deezer.com/en/artist/5169672,https://www.deezer.com/en/album/61056542,https://cdn-images.dzcdn.net/images/cover/2b3d71ac6a987458b4278fb2d003a7df/40x40-000000-80-0-0.jpg
154,Magalenha,Joshwa,Magalenha,House Afternoon,02:54,17/08/2023,By popularity: 5 / 10,true,false,https://www.deezer.com/en/artist/7088007,https://www.deezer.com/en/album/396005237,https://cdn-images.dzcdn.net/images/cover/86e9749a3f4c8c958e26b2af95eebe42/40x40-000000-80-0-0.jpg
155,Bucovina,Drop Department,Bucovina,House Afternoon,03:34,17/08/2023,By popularity: 4 / 10,false,false,https://www.deezer.com/en/artist/7625602,https://www.deezer.com/en/album/56661842,https://cdn-images.dzcdn.net/images/cover/0df651bf1682226ab75b7bfe9284b46c/40x40-000000-80-0-0.jpg
156,Won't Forget You,Shouse,Won't Forget You,House Afternoon,06:38,17/08/2023,By popularity: 6 / 10,false,false,https://www.deezer.com/en/artist/5767206,https://www.deezer.com/en/album/287442722,https://cdn-images.dzcdn.net/images/cover/a0e41ce2b7f3b7cfe685faed2fa30aaf/40x40-000000-80-0-0.jpg
157,All I Need,Forester,All I Need,House Afternoon,03:06,17/08/2023,By popularity: 3 / 10,false,false,https://www.deezer.com/en/artist/5304639,https://www.deezer.com/en/album/350165747,https://cdn-images.dzcdn.net/images/cover/a0fd3d97c9feb788019fddba070bd702/40x40-000000-80-0-0.jpg
158,Electric Feel,PAX,Electric Feel,House Afternoon,04:02,18/08/2023,By popularity: 3 / 10,false,false,https://www.deezer.com/en/artist/305039121,https://www.deezer.com/en/album/64465412,https://cdn-images.dzcdn.net/images/cover/f46078863089ccc7bf044d9d948db33d/40x40-000000-80-0-0.jpg
159,Andale,Javi Reina,Andale,House Afternoon,03:40,19/08/2023,By popularity: 0 / 10,false,false,https://www.deezer.com/en/artist/250648,https://www.deezer.com/en/album/64850692,https://cdn-images.dzcdn.net/images/cover/b784d2d07c3a36764d00160e7636c559/40x40-000000-80-0-0.jpg
160,Morenita,Jp Candela,Morenita,House Afternoon,03:19,19/08/2023,By popularity: 2 / 10,false,true,https://www.deezer.com/en/artist/1417956,https://www.deezer.com/en/album/56971602,https://cdn-images.dzcdn.net/images/cover/ffa9f7dad9647a51cfc29f6a9213d728/40x40-000000-80-0-0.jpg
161,Machasa,Nico de Andrea,God Save The Groove Vol. 1 (Presented by Cato Anaya),House Afternoon,03:27,19/08/2023,By popularity: 0 / 10,false,false,https://www.deezer.com/en/artist/1218931,https://www.deezer.com/en/album/77131442,https://cdn-images.dzcdn.net/images/cover/d7293bb25a2da0a38937d8c4bfd2cbf8/40x40-000000-80-0-0.jpg
162,Borracho,Daddy's Groove,Borracho,House Afternoon,03:06,19/08/2023,By popularity: 2 / 10,false,false,https://www.deezer.com/en/artist/149815,https://www.deezer.com/en/album/128944302,https://cdn-images.dzcdn.net/images/cover/8468c8b3116de74f2258a6cf2f094962/40x40-000000-80-0-0.jpg
163,Sabrosura,Cato Anaya,Sabrosura,House Afternoon,03:25,19/08/2023,By popularity: 1 / 10,false,false,https://www.deezer.com/en/artist/5246508,https://www.deezer.com/en/album/135658212,https://cdn-images.dzcdn.net/images/cover/5e64535e24afa848d3464707c331e2ff/40x40-000000-80-0-0.jpg
164,Enjoy Your Life (Paul Woolford Rework),Romy,Enjoy Your Life (Paul Woolford Rework),House Afternoon,03:24,28/08/2023,By popularity: 2 / 10,false,false,https://www.deezer.com/en/artist/188177,https://www.deezer.com/en/album/453445905,https://cdn-images.dzcdn.net/images/cover/48881fc81503db2daedbc543a30bc170/40x40-000000-80-0-0.jpg
165,Nan Ye Li Kan,Bon Entendeur,Nan Ye Li Kan,House Afternoon,03:55,29/08/2023,By popularity: 6 / 10,false,false,https://www.deezer.com/en/artist/13314683,https://www.deezer.com/en/album/228053612,https://cdn-images.dzcdn.net/images/cover/75c6f0ee11b765eeaa97b9a0f949da3f/40x40-000000-80-0-0.jpg
166,Astounded,Bran Van 3000,Bran Van 3000 Greatest Hits,House Afternoon,05:56,29/08/2023,By popularity: 4 / 10,true,false,https://www.deezer.com/en/artist/1256,https://www.deezer.com/en/album/13541841,https://cdn-images.dzcdn.net/images/cover/f8cbd0fa24ca51b23b89fea5e3f51ff6/40x40-000000-80-0-0.jpg
167,L'amour dans les volubilis,Marie-Paule Belle,L'amour dans les volubilis,House Afternoon,03:20,30/08/2023,By popularity: 6 / 10,false,true,https://www.deezer.com/en/artist/79712,https://www.deezer.com/en/album/219412362,https://cdn-images.dzcdn.net/images/cover/75c6f0ee11b765eeaa97b9a0f949da3f/40x40-000000-80-0-0.jpg
168,Deixa A Gira Girar,Pate Jaar,Deixa A Gira Girar,House Afternoon,05:54,30/08/2023,By popularity: 4 / 10,false,false,https://www.deezer.com/en/artist/70424642,https://www.deezer.com/en/album/679562601,https://cdn-images.dzcdn.net/images/cover/9297d4d5dac8d8fd8085f8a1ae1f8033/40x40-000000-80-0-0.jpg
169,Clap Your Hands (Live Edit),Kungs,Clap Your Hands (Extended Version),House Afternoon,05:12,31/08/2023,By popularity: 5 / 10,false,true,https://www.deezer.com/en/artist/5992092,https://www.deezer.com/en/album/333925917,https://cdn-images.dzcdn.net/images/cover/eb04a9ca071c0e0f2a1754e4cfd183c0/40x40-000000-80-0-0.jpg
170,Aguila (feat. Cumbiafrica),HUGEL,Aguila (feat. Cumbiafrica),House Afternoon,02:48,31/08/2023,By popularity: 7 / 10,false,true,https://www.deezer.com/en/artist/7803478,https://www.deezer.com/en/album/570875521,https://cdn-images.dzcdn.net/images/cover/975df01585a92f829ee6c0d34b073d80/40x40-000000-80-0-0.jpg
171,Ritmo,Raffa FL,Ritmo (HUGEL Edit),House Afternoon,03:03,31/08/2023,By popularity: 7 / 10,false,false,https://www.deezer.com/en/artist/1203688,https://www.deezer.com/en/album/486119455,https://cdn-images.dzcdn.net/images/cover/8c603d4d5d3ac1c5941c1fba49c4da0f/40x40-000000-80-0-0.jpg
172,Sete,BLOND:ISH,Sete,House Afternoon,03:29,31/08/2023,By popularity: 7 / 10,false,true,https://www.deezer.com/en/artist/1179872,https://www.deezer.com/en/album/389147877,https://cdn-images.dzcdn.net/images/cover/0db8101b2f9fdb8b168c0213bc4cfc9b/40x40-000000-80-0-0.jpg
173,Pasilda (CASSIMM Radio Edit),Sean Finn,Pasilda (CASSIMM Remix),House Afternoon,03:25,31/08/2023,By popularity: 6 / 10,false,false,https://www.deezer.com/en/artist/12517,https://www.deezer.com/en/album/309230657,https://cdn-images.dzcdn.net/images/cover/816c48792afa72fc8aebcb28c6119242/40x40-000000-80-0-0.jpg
174,Tracey In My Room (Lazy Dog Bootleg Vocal Mix),Everything But The Girl,Like The Deserts Miss The Rain,House Afternoon,04:56,31/08/2023,By popularity: 4 / 10,false,true,https://www.deezer.com/en/artist/1013,https://www.deezer.com/en/album/299787,https://cdn-images.dzcdn.net/images/cover/fc43aa2d28af3aaff8b71b653aaa6cd8/40x40-000000-80-0-0.jpg
175,Rush,Troye Sivan,Something To Give Each Other,House Afternoon,02:36,01/09/2023,By popularity: 8 / 10,false,true,https://www.deezer.com/en/artist/4746199,https://www.deezer.com/en/album/458913455,https://cdn-images.dzcdn.net/images/cover/025b8f193e9cb37b15c857956938ae4f/40x40-000000-80-0-0.jpg
176,It's a match,Saverio,It's a match,House Afternoon,03:34,01/09/2023,By popularity: 2 / 10,false,false,https://www.deezer.com/en/artist/115650182,https://www.deezer.com/en/album/474317825,https://cdn-images.dzcdn.net/images/cover/925cc4c15862a24939bf38e814fa5291/40x40-000000-80-0-0.jpg
177,Ain't Nobody,Hard Lights,Ain't Nobody,House Afternoon,02:09,01/09/2023,By popularity: 2 / 10,false,true,https://www.deezer.com/en/artist/5924213,https://www.deezer.com/en/album/473251525,https://cdn-images.dzcdn.net/images/cover/2f174f5554f518166ff9eb529d03b3a2/40x40-000000-80-0-0.jpg
178,Changes,Kungs,Changes,House Afternoon,05:04,01/09/2023,By popularity: 6 / 10,false,true,https://www.deezer.com/en/artist/5992092,https://www.deezer.com/en/album/472234105,https://cdn-images.dzcdn.net/images/cover/98542e70ecfebcecb8f98bd9f0a4dc28/40x40-000000-80-0-0.jpg
179,Welcome To Dinna,Francis Mercier,Welcome To Dinna,House Afternoon,03:51,06/09/2023,By popularity: 4 / 10,false,false,https://www.deezer.com/en/artist/5180873,https://www.deezer.com/en/album/407152807,https://cdn-images.dzcdn.net/images/cover/210441e6e216488bdc6fc0a64259ae75/40x40-000000-80-0-0.jpg
180,Sinnerman (Sofi Tukker Remix),Nina Simone,Sinnerman (Sofi Tukker Remix),House Afternoon,03:50,06/09/2023,By popularity: 7 / 10,false,false,https://www.deezer.com/en/artist/744,https://www.deezer.com/en/album/262570222,https://cdn-images.dzcdn.net/images/cover/c4513915c444ba3a5fd82af765dbe0db/40x40-000000-80-0-0.jpg
181,Quiero Decirte,Malgado,Quiero Decirte,House Afternoon,03:54,06/09/2023,By popularity: 3 / 10,false,false,https://www.deezer.com/en/artist/13501471,https://www.deezer.com/en/album/338091497,https://cdn-images.dzcdn.net/images/cover/c90df7b7dcc88ae2b6aa983c34b71780/40x40-000000-80-0-0.jpg
182,Vois sur ton chemin,John Revox,Vois sur ton chemin,House Afternoon,03:29,06/09/2023,By popularity: 4 / 10,false,false,https://www.deezer.com/en/artist/54660,https://www.deezer.com/en/album/243802282,https://cdn-images.dzcdn.net/images/cover/577e89a2098bdd8f5166dc9ba9e7e39d/40x40-000000-80-0-0.jpg
183,Maria Maria,TECH IT DEEP,Maria Maria,House Afternoon,02:41,06/09/2023,By popularity: 6 / 10,false,true,https://www.deezer.com/en/artist/187966967,https://www.deezer.com/en/album/404585697,https://cdn-images.dzcdn.net/images/cover/edb46a7b882d225f159bf0f838a94ef8/40x40-000000-80-0-0.jpg
184,"Who Is He (feat. Kevin Haden) (Claptone Remix, Mixed)",Alaia & Gallo,The Masquerade (Mixed by Claptone) [Mixed],House Afternoon,04:26,07/09/2023,By popularity: 0 / 10,false,false,https://www.deezer.com/en/artist/3892861,https://www.deezer.com/en/album/14400496,https://cdn-images.dzcdn.net/images/cover/9bf5eb36565b43afbaebedaf5e8eedf3/40x40-000000-80-0-0.jpg
185,Feel My Needs (Purple Disco Machine Extended Mix),Weiss (UK),Feel My Needs (Purple Disco Machine Remix),House Afternoon,06:22,08/09/2023,By popularity: 5 / 10,false,true,https://www.deezer.com/en/artist/5305397,https://www.deezer.com/en/album/69320712,https://cdn-images.dzcdn.net/images/cover/bf4f5e1fd72a88f2836ab000de07474b/40x40-000000-80-0-0.jpg
186,Watchin Out (Dirty Channels vs. Danny Russell),Dirty Channels,Watchin Out,House Afternoon,05:53,08/09/2023,By popularity: 3 / 10,false,false,https://www.deezer.com/en/artist/3280771,https://www.deezer.com/en/album/67263962,https://cdn-images.dzcdn.net/images/cover/0fe328184985343d3b95e5ae5c8725bd/40x40-000000-80-0-0.jpg
187,Liquid Spirit (Claptone Remix),Gregory Porter,Liquid Spirit (Claptone Remix),House Afternoon,06:23,08/09/2023,By popularity: 4 / 10,false,true,https://www.deezer.com/en/artist/1035779,https://www.deezer.com/en/album/10848326,https://cdn-images.dzcdn.net/images/cover/25ecc476e2d1f5122231462eb8bb110c/40x40-000000-80-0-0.jpg
188,Bailando,Daniel Steinberg,Back On Tracks,House Afternoon,03:47,08/09/2023,By popularity: 2 / 10,false,false,https://www.deezer.com/en/artist/64022,https://www.deezer.com/en/album/6227438,https://cdn-images.dzcdn.net/images/cover/e22ca02c51e464016d03ecb1afcc07de/40x40-000000-80-0-0.jpg
189,Joys,Roberto Surace,Joys,House Afternoon,02:15,08/09/2023,By popularity: 4 / 10,false,true,https://www.deezer.com/en/artist/6039162,https://www.deezer.com/en/album/687807931,https://cdn-images.dzcdn.net/images/cover/327aef8d8de6492d32d7848cb6895a64/40x40-000000-80-0-0.jpg
190,Think About You,Room 5,Music & You,House Afternoon,03:22,08/09/2023,By popularity: 3 / 10,false,false,https://www.deezer.com/en/artist/13947,https://www.deezer.com/en/album/5638951,https://cdn-images.dzcdn.net/images/cover/b6fd1004939abfb397a95911f9733e58/40x40-000000-80-0-0.jpg
191,Do You Remember (VIP Edit),Dombresky,Do You Remember (VIP Edit),House Afternoon,03:06,08/09/2023,By popularity: 2 / 10,false,false,https://www.deezer.com/en/artist/9299302,https://www.deezer.com/en/album/242092352,https://cdn-images.dzcdn.net/images/cover/36ddd2dba25f6cf4d8bea38953ad62d1/40x40-000000-80-0-0.jpg
192,Spiritual Thang,Bellaire,Framework,House Afternoon,05:07,08/09/2023,By popularity: 4 / 10,false,false,https://www.deezer.com/en/artist/6055914,https://www.deezer.com/en/album/606805782,https://cdn-images.dzcdn.net/images/cover/4b9c4b57bd2533ab5c42616a3678d0ba/40x40-000000-80-0-0.jpg
193,Body Funk (Extended Mix),Purple Disco Machine,Body Funk,House Afternoon,07:24,08/09/2023,By popularity: 5 / 10,false,false,https://www.deezer.com/en/artist/1658572,https://www.deezer.com/en/album/48967262,https://cdn-images.dzcdn.net/images/cover/1270d897c6f7481be2f5e5286b986c4e/40x40-000000-80-0-0.jpg
194,Praise You (Purple Disco Machine Extended Remix),Fatboy Slim,Praise You (Purple Disco Machine Remix),House Afternoon,06:56,08/09/2023,By popularity: 4 / 10,false,true,https://www.deezer.com/en/artist/76,https://www.deezer.com/en/album/156384432,https://cdn-images.dzcdn.net/images/cover/1fe00adfc1cc61d8984814aac9a1b478/40x40-000000-80-0-0.jpg
195,World Hold On (Children Of The Sky) (FISHER Rework),Bob Sinclar,World Hold On (Children Of The Sky) (FISHER Rework),House Afternoon,02:58,11/09/2023,By popularity: 9 / 10,false,true,https://www.deezer.com/en/artist/157,https://www.deezer.com/en/album/539049922,https://cdn-images.dzcdn.net/images/cover/813c878e4aaea92589178cf5b66457eb/40x40-000000-80-0-0.jpg
196,Hallelujah In Heaven (Groove Assassin's Supernova Edit),The Vision,Hallelujah In Heaven (Groove Assassin's Supernova Edit),House Afternoon,03:07,11/09/2023,By popularity: 2 / 10,false,false,https://www.deezer.com/en/artist/261837,https://www.deezer.com/en/album/687818791,https://cdn-images.dzcdn.net/images/cover/71556ecab6796e7051855a839fd5dbfe/40x40-000000-80-0-0.jpg
197,Escaping It (feat. Tania Foster),Kyle Watson,Escaping It (feat. Tania Foster),House Afternoon,03:12,11/09/2023,By popularity: 2 / 10,false,false,https://www.deezer.com/en/artist/995382,https://www.deezer.com/en/album/452984435,https://cdn-images.dzcdn.net/images/cover/8d3303d9512f12b622e17e755931b429/40x40-000000-80-0-0.jpg
198,Trompeta,San Pacho,Trompeta,House Afternoon,03:08,11/09/2023,By popularity: 5 / 10,false,false,https://www.deezer.com/en/artist/63386362,https://www.deezer.com/en/album/324316947,https://cdn-images.dzcdn.net/images/cover/4477b84ee9b22a0f798a4470f17918a0/40x40-000000-80-0-0.jpg
199,It Just Won't Do (Radio Edit),Tim Deluxe,It Just Won't Do,House Afternoon,03:18,12/09/2023,By popularity: 5 / 10,false,true,https://www.deezer.com/en/artist/5614,https://www.deezer.com/en/album/1358963,https://cdn-images.dzcdn.net/images/cover/eeccbdff3eca53a191f6bfa9300bc571/40x40-000000-80-0-0.jpg
200,I Feel for You,Bob Sinclar,Champs Elysées,House Afternoon,05:50,12/09/2023,By popularity: 6 / 10,false,true,https://www.deezer.com/en/artist/157,https://www.deezer.com/en/album/552008242,https://cdn-images.dzcdn.net/images/cover/9ef48ded8bee0a0d2e812326fda9dadb/40x40-000000-80-0-0.jpg
201,Lady (Hear Me Tonight) (Harry Choo Choo Romero's Original Recipe),Modjo,Modjo Remixes,House Afternoon,07:41,12/09/2023,By popularity: 2 / 10,false,false,https://www.deezer.com/en/artist/1545,https://www.deezer.com/en/album/6889567,https://cdn-images.dzcdn.net/images/cover/c74f00aff44d26ae4b521a14aeb80b5f/40x40-000000-80-0-0.jpg
202,In the Music (Streetvibes Radio Cut),Deepswing,In the Music,House Afternoon,04:09,12/09/2023,By popularity: 4 / 10,false,false,https://www.deezer.com/en/artist/298452,https://www.deezer.com/en/album/49796702,https://cdn-images.dzcdn.net/images/cover/725791ec8170ff8d41b64991ccf86684/40x40-000000-80-0-0.jpg
203,Same Man (Vocal Club Mix),DJ Delicious,Same Man,House Afternoon,06:34,12/09/2023,By popularity: 3 / 10,false,false,https://www.deezer.com/en/artist/80988,https://www.deezer.com/en/album/6093484,https://cdn-images.dzcdn.net/images/cover/4cbf55bcabc77b6be0babde1593554d9/40x40-000000-80-0-0.jpg
204,Right On! (Radio Edit),Silicone Soul,Right On!,House Afternoon,03:12,12/09/2023,By popularity: 4 / 10,false,false,https://www.deezer.com/en/artist/9110,https://www.deezer.com/en/album/65732182,https://cdn-images.dzcdn.net/images/cover/501429d7070ede0322708262bcef4209/40x40-000000-80-0-0.jpg
205,Coracao (Feat. Jaqueline) (Axwell Mix),Jerry Ropero,Coracao,House Afternoon,07:01,12/09/2023,By popularity: 5 / 10,false,false,https://www.deezer.com/en/artist/78291,https://www.deezer.com/en/album/6876908,https://cdn-images.dzcdn.net/images/cover/326332841b73b1bb44709e6fba04d47f/40x40-000000-80-0-0.jpg
206,At Night,Shakedown,Gok Wan presents Isolation Nation,House Afternoon,06:41,13/09/2023,By popularity: 3 / 10,false,true,https://www.deezer.com/en/artist/6824,https://www.deezer.com/en/album/687798621,https://cdn-images.dzcdn.net/images/cover/3598e1c5eb4dc24cf99c7d7d67c569cd/40x40-000000-80-0-0.jpg
207,Groovejet,DJ Spiller,Groovejet (If This Ain't Love),House Afternoon,03:37,13/09/2023,By popularity: 3 / 10,false,false,https://www.deezer.com/en/artist/1489084,https://www.deezer.com/en/album/687807091,https://cdn-images.dzcdn.net/images/cover/4f2bfcc0fbe55d80f6774c28a3bceee4/40x40-000000-80-0-0.jpg
208,So In Love With You (Funky Engine Vocal Remix),Duke,House Summer 2011,House Afternoon,06:06,13/09/2023,By popularity: 2 / 10,true,true,https://www.deezer.com/en/artist/4847,https://www.deezer.com/en/album/1711218,https://cdn-images.dzcdn.net/images/cover/42cf8654221369f76b966b8ccdfa7291/40x40-000000-80-0-0.jpg
209,The Weekend (Extended Vocal Mix),Michael Gray,The Weekend,House Afternoon,08:08,13/09/2023,By popularity: 4 / 10,false,false,https://www.deezer.com/en/artist/5692,https://www.deezer.com/en/album/7787141,https://cdn-images.dzcdn.net/images/cover/fd17986f713a23aca82f72f6ab4d1488/40x40-000000-80-0-0.jpg
210,Stayin' Alive VS 50 C Tik Tok (Remix),ROSE BEAT,Stayin' Alive VS 50 C Tik Tok (Remix),House Afternoon,01:53,13/09/2023,By popularity: 0 / 10,false,false,https://www.deezer.com/en/artist/149759942,https://www.deezer.com/en/album/279117632,https://cdn-images.dzcdn.net/images/cover/248f6d8bc714003d5616df4fad52a682/40x40-000000-80-0-0.jpg
211,My Feelings For You (Mark Knight Remix),Avicii,My Feelings For You (Mark Knight Remix),House Afternoon,03:44,16/09/2023,By popularity: 5 / 10,false,false,https://www.deezer.com/en/artist/293585,https://www.deezer.com/en/album/325950287,https://cdn-images.dzcdn.net/images/cover/5cb24f1ef35025f945858fa4bf79b96b/40x40-000000-80-0-0.jpg
212,RESISTE (RADIO EDIT REWORK),Mylap,RESISTE (RADIO EDIT REWORK),House Afternoon,02:06,01/10/2023,By popularity: 4 / 10,false,false,https://www.deezer.com/en/artist/99455982,https://www.deezer.com/en/album/487133625,https://cdn-images.dzcdn.net/images/cover/4684424c05476d7272cc7b377a2ad71e/40x40-000000-80-0-0.jpg
213,Smooth Operator,F4st,Smooth Operator,House Afternoon,04:24,01/10/2023,By popularity: 3 / 10,false,false,https://www.deezer.com/en/artist/8334094,https://www.deezer.com/en/album/564463532,https://cdn-images.dzcdn.net/images/cover/abc94e9a3cfb18ea3cbc7ad2850e6928/40x40-000000-80-0-0.jpg
214,Bora Bora (Extended Mix),Magan & Rodriguez,Bora Bora,House Afternoon,05:03,01/10/2023,By popularity: 1 / 10,false,true,https://www.deezer.com/en/artist/802898,https://www.deezer.com/en/album/57730722,https://cdn-images.dzcdn.net/images/cover/e2aaceb4cda79dd2a0580307fc570013/40x40-000000-80-0-0.jpg
215,The Pilon,Kronan,The Pilon,House Afternoon,02:33,27/12/2023,By popularity: 5 / 10,false,false,https://www.deezer.com/en/artist/8825108,https://www.deezer.com/en/album/344691927,https://cdn-images.dzcdn.net/images/cover/d0978cfeb432d6226b663e9eec67b0ad/40x40-000000-80-0-0.jpg
216,Rainfall (Praise You),Tom Santa,Rainfall (Praise You),House Afternoon,02:47,27/12/2023,By popularity: 7 / 10,false,false,https://www.deezer.com/en/artist/160306012,https://www.deezer.com/en/album/296824822,https://cdn-images.dzcdn.net/images/cover/352ef46db76fb5d14d1c5af9dc26066d/40x40-000000-80-0-0.jpg
217,Reflection,Riordan,Reflection,House Afternoon,03:07,27/12/2023,By popularity: 5 / 10,false,false,https://www.deezer.com/en/artist/4671212,https://www.deezer.com/en/album/400590827,https://cdn-images.dzcdn.net/images/cover/3ba37c53194f9df1559eb9b67ab5c030/40x40-000000-80-0-0.jpg
218,Feeling Good (Austin Millz Remix),Nina Simone,Feeling Good (Austin Millz Remix),House Afternoon,02:30,27/12/2023,By popularity: 6 / 10,false,true,https://www.deezer.com/en/artist/744,https://www.deezer.com/en/album/361794957,https://cdn-images.dzcdn.net/images/cover/b045b074a842ebe05439c97a04bddd38/40x40-000000-80-0-0.jpg
219,You Make Me Feel,Solardo,You Make Me Feel,House Afternoon,03:23,27/12/2023,By popularity: 4 / 10,false,false,https://www.deezer.com/en/artist/8330028,https://www.deezer.com/en/album/317287137,https://cdn-images.dzcdn.net/images/cover/451f5e4d4180068fea69fe4cf3827238/40x40-000000-80-0-0.jpg
220,El Sueno,HUGEL,El Sueno,House Afternoon,02:51,27/12/2023,By popularity: 5 / 10,false,false,https://www.deezer.com/en/artist/7803478,https://www.deezer.com/en/album/286702102,https://cdn-images.dzcdn.net/images/cover/52a3bd97e2add465464430a57376ff22/40x40-000000-80-0-0.jpg
221,Volare,Gavin Moss,Volare,House Afternoon,02:33,27/12/2023,By popularity: 5 / 10,true,false,https://www.deezer.com/en/artist/7176380,https://www.deezer.com/en/album/627732891,https://cdn-images.dzcdn.net/images/cover/0a46d9b4421453d226584f58b5a6834c/40x40-000000-80-0-0.jpg
222,The Music Began To Play,Mark Knight,The Music Began To Play,House Afternoon,02:25,27/12/2023,By popularity: 4 / 10,false,false,https://www.deezer.com/en/artist/4599,https://www.deezer.com/en/album/338143117,https://cdn-images.dzcdn.net/images/cover/76ac8eac827686fee6ee643adaa43698/40x40-000000-80-0-0.jpg
223,"She’s Gone, Dance On",Disclosure,"She’s Gone, Dance On",House Afternoon,03:46,21/06/2024,By popularity: 7 / 10,false,true,https://www.deezer.com/en/artist/409796,https://www.deezer.com/en/album/590333952,https://cdn-images.dzcdn.net/images/cover/1346ad41412c615634a6aeee94eb70ca/40x40-000000-80-0-0.jpg
224,Summertime Blues,Chris Lake,Summertime Blues,House Afternoon,04:11,21/06/2024,By popularity: 5 / 10,false,true,https://www.deezer.com/en/artist/11799,https://www.deezer.com/en/album/575235431,https://cdn-images.dzcdn.net/images/cover/f8f516f78d37122cfd09e4767058e39b/40x40-000000-80-0-0.jpg
225,Baddy On The Floor,Jamie xx,Baddy On The Floor,House Afternoon,03:42,21/06/2024,By popularity: 5 / 10,false,true,https://www.deezer.com/en/artist/808980,https://www.deezer.com/en/album/564464952,https://cdn-images.dzcdn.net/images/cover/804c958e9f4c4ac93c8a81eb1d92c00e/40x40-000000-80-0-0.jpg
226,Mas Que Nada (Radio Edit),NCHR,Mas Que Nada (Radio Edit),House Afternoon,02:51,28/06/2024,By popularity: 3 / 10,false,false,https://www.deezer.com/en/artist/151336352,https://www.deezer.com/en/album/327638037,https://cdn-images.dzcdn.net/images/cover/b49d52bf1e1363569588e709b8661ac1/40x40-000000-80-0-0.jpg
227,Planet Blue,Carlita,Planet Blue,House Afternoon,02:55,08/07/2024,By popularity: 2 / 10,false,true,https://www.deezer.com/en/artist/5435357,https://www.deezer.com/en/album/578256181,https://cdn-images.dzcdn.net/images/cover/6fa5c30997a9fb68bb29676773861f24/40x40-000000-80-0-0.jpg
228,TOO COOL TO BE CARELESS,PAWSA,TOO COOL TO BE CARELESS,House Afternoon,03:40,11/07/2024,By popularity: 8 / 10,false,true,https://www.deezer.com/en/artist/6223838,https://www.deezer.com/en/album/606304972,https://cdn-images.dzcdn.net/images/cover/eb6c4a55cd150974b88af64e5b712c28/40x40-000000-80-0-0.jpg
229,The Groovy Cat,PAWSA,The Groovy Cat,House Afternoon,04:32,11/07/2024,By popularity: 5 / 10,false,false,https://www.deezer.com/en/artist/6223838,https://www.deezer.com/en/album/53302762,https://cdn-images.dzcdn.net/images/cover/8d431883fbb0a525382a86945c72e2af/40x40-000000-80-0-0.jpg
230,Ecstasy (Mixed),Fabich,Café Kitsuné Mixed by Fabich,House Afternoon,02:19,12/07/2024,By popularity: 5 / 10,false,false,https://www.deezer.com/en/artist/6731969,https://www.deezer.com/en/album/230801172,https://cdn-images.dzcdn.net/images/cover/6944cf301a2f4ad066eaec07c4c6073f/40x40-000000-80-0-0.jpg
231,saudade - Edit,David Bay,saudade - Edit,House Afternoon,04:32,15/07/2024,By popularity: 1 / 10,false,false,https://www.deezer.com/en/artist/8086649,https://www.deezer.com/en/album/349565597,https://cdn-images.dzcdn.net/images/cover/5d8d1857289194eaf3fc646f2958b658/40x40-000000-80-0-0.jpg
232,Techno Disco Tool (Radio Edit),Mella Dee,Techno Disco Tool (Radio Edit),House Afternoon,03:14,15/07/2024,By popularity: 5 / 10,false,false,https://www.deezer.com/en/artist/2079371,https://www.deezer.com/en/album/51866212,https://cdn-images.dzcdn.net/images/cover/6ef58caec253a6ef480a280b1e2bd56f/40x40-000000-80-0-0.jpg
233,El Sueño (Mixed),Dennis Cruz,Café del Mar Ibiza - Sol y Luna,House Afternoon,05:23,15/07/2024,By popularity: 2 / 10,false,false,https://www.deezer.com/en/artist/4571706,https://www.deezer.com/en/album/71076092,https://cdn-images.dzcdn.net/images/cover/5fd6800edd2bcf1934701301811ddb31/40x40-000000-80-0-0.jpg
234,Ask Me,Duck Sauce,Put The Sauce On It,House Afternoon,03:13,16/07/2024,By popularity: 1 / 10,false,true,https://www.deezer.com/en/artist/305579,https://www.deezer.com/en/album/306018327,https://cdn-images.dzcdn.net/images/cover/e3b8297fe3cbd1d5db28411cfce57235/40x40-000000-80-0-0.jpg
235,Call Me Ishmael,Madcat,The Doors of Perception,House Afternoon,05:27,16/07/2024,By popularity: 3 / 10,false,false,https://www.deezer.com/en/artist/14019283,https://www.deezer.com/en/album/74496122,https://cdn-images.dzcdn.net/images/cover/566d0ff9db116f84d03345d21c6ff7d3/40x40-000000-80-0-0.jpg
236,Mi Mujer,Nicolas Jaar,Time for Us,House Afternoon,06:51,19/07/2024,By popularity: 6 / 10,false,true,https://www.deezer.com/en/artist/294359,https://www.deezer.com/en/album/6581885,https://cdn-images.dzcdn.net/images/cover/fcc1486d06d88d355f78eb922c80b39d/40x40-000000-80-0-0.jpg
237,Mwah Mwah,Saint Amour,Mwah Mwah,House Afternoon,02:47,04/08/2024,By popularity: 4 / 10,false,false,https://www.deezer.com/en/artist/250117842,https://www.deezer.com/en/album/531829842,https://cdn-images.dzcdn.net/images/cover/ae672b5aa76273e21323d8f5f211f23d/40x40-000000-80-0-0.jpg
238,What U Doing,Dennis Cruz,Roots,House Afternoon,03:49,04/08/2024,By popularity: 5 / 10,false,false,https://www.deezer.com/en/artist/4571706,https://www.deezer.com/en/album/418583447,https://cdn-images.dzcdn.net/images/cover/2e3685479122f781183f966ed4e5fd96/40x40-000000-80-0-0.jpg
239,El Tucu Tu,Yvvan Back,El Tucu Tu,House Afternoon,02:37,04/08/2024,By popularity: 2 / 10,false,true,https://www.deezer.com/en/artist/7841908,https://www.deezer.com/en/album/407924757,https://cdn-images.dzcdn.net/images/cover/3903b44a31b07858a7d5ce364c3ef093/40x40-000000-80-0-0.jpg
240,La via en rose,Italobros,Spacey,House Afternoon,06:57,04/08/2024,By popularity: 2 / 10,false,false,https://www.deezer.com/en/artist/1618468,https://www.deezer.com/en/album/172499262,https://cdn-images.dzcdn.net/images/cover/680779e1658437f7d48e4be487fc4d0f/40x40-000000-80-0-0.jpg
241,Get Free,FrescoEdits,Get Free,House Afternoon,03:38,09/08/2024,By popularity: 1 / 10,false,false,https://www.deezer.com/en/artist/196271257,https://www.deezer.com/en/album/456014465,https://cdn-images.dzcdn.net/images/cover/d6f2e3f7c31c0443a7e6c76fff0d4232/40x40-000000-80-0-0.jpg
242,Satisfied,David Penn,Satisfied,House Afternoon,03:06,12/08/2024,By popularity: 5 / 10,false,false,https://www.deezer.com/en/artist/174083,https://www.deezer.com/en/album/545453842,https://cdn-images.dzcdn.net/images/cover/0da941b9b5f26a4b58f48f52d9fde532/40x40-000000-80-0-0.jpg
243,The Sound of Violence (Cosmo Vitelli),Cassius,Au Rêve (Deluxe Edition),House Afternoon,05:12,13/08/2024,By popularity: 4 / 10,false,true,https://www.deezer.com/en/artist/2049,https://www.deezer.com/en/album/12577928,https://cdn-images.dzcdn.net/images/cover/2026521d9f27038ba4f96cb93df1fd79/40x40-000000-80-0-0.jpg
244,Blind (Frankie Knuckles Remix),Hercules & Love Affair,Blind,House Afternoon,07:51,13/08/2024,By popularity: 4 / 10,false,true,https://www.deezer.com/en/artist/153920,https://www.deezer.com/en/album/303983,https://cdn-images.dzcdn.net/images/cover/e8ce6311e96656fe03790533442e448d/40x40-000000-80-0-0.jpg
245,Paroles paroles (Extended Mix),Doumea,Paroles paroles,House Afternoon,05:14,13/08/2024,By popularity: 6 / 10,false,true,https://www.deezer.com/en/artist/5739716,https://www.deezer.com/en/album/67325422,https://cdn-images.dzcdn.net/images/cover/62dd4428803919d7d71fa4c3ddc63a04/40x40-000000-80-0-0.jpg
246,Je Suis Music (Armand Van Helden Remix Edit),Cerrone,Discoset 1,House Afternoon,03:36,13/08/2024,By popularity: 5 / 10,false,true,https://www.deezer.com/en/artist/6185,https://www.deezer.com/en/album/568736371,https://cdn-images.dzcdn.net/images/cover/543ce49e71a453809c67fe11bead7e6e/40x40-000000-80-0-0.jpg
247,Gypsy Woman,Stolen Gin,Gypsy Woman,House Afternoon,03:21,13/08/2024,By popularity: 5 / 10,false,true,https://www.deezer.com/en/artist/63349272,https://www.deezer.com/en/album/450818875,https://cdn-images.dzcdn.net/images/cover/0a42a86cf2c829e0408fca1026186642/40x40-000000-80-0-0.jpg
248,Sunny (Radio Edit),Umami,Sunny (Radio Edit),House Afternoon,03:32,14/08/2024,By popularity: 4 / 10,false,false,https://www.deezer.com/en/artist/115305,https://www.deezer.com/en/album/7436799,https://cdn-images.dzcdn.net/images/cover/8bc9e160c203df7acde6fc6eb0630c3c/40x40-000000-80-0-0.jpg
249,Yamore,MoBlack,Yamore,House Afternoon,04:08,16/08/2024,By popularity: 10 / 10,false,true,https://www.deezer.com/en/artist/4242609,https://www.deezer.com/en/album/594752732,https://cdn-images.dzcdn.net/images/cover/0b8a13b126933b6700f71c055f1fea3a/40x40-000000-80-0-0.jpg
250,Wish I Didn't Miss You,Haska,Wish I Didn't Miss You,House Afternoon,03:44,16/08/2024,By popularity: 3 / 10,false,true,https://www.deezer.com/en/artist/11885595,https://www.deezer.com/en/album/604354802,https://cdn-images.dzcdn.net/images/cover/0eb5d297044cc122c787eb6cf395e952/40x40-000000-80-0-0.jpg
251,Holiday (Tame Impala Remix),Confidence Man,RE-TILT,House Afternoon,05:21,30/08/2024,By popularity: 5 / 10,false,false,https://www.deezer.com/en/artist/4556731,https://www.deezer.com/en/album/354050547,https://cdn-images.dzcdn.net/images/cover/46038c65ab423fc4ac1c807563e39b31/40x40-000000-80-0-0.jpg
252,Slap Back,Nicole Moudaber,Slap Back,House Afternoon,02:59,18/09/2024,By popularity: 3 / 10,false,false,https://www.deezer.com/en/artist/144817,https://www.deezer.com/en/album/613238572,https://cdn-images.dzcdn.net/images/cover/c6f7ce3d3a42a2ad6fee9d287e6f2cd5/40x40-000000-80-0-0.jpg
253,World Hold On (Children Of The Sky) (FISHER Rework - Extended Mix),Bob Sinclar,"World, Hold On (Children Of The Sky) (FISHER Rework - Extended Mix)",House Afternoon,05:33,19/09/2024,By popularity: 5 / 10,false,true,https://www.deezer.com/en/artist/157,https://www.deezer.com/en/album/556678812,https://cdn-images.dzcdn.net/images/cover/813c878e4aaea92589178cf5b66457eb/40x40-000000-80-0-0.jpg
254,How You Feel,ANOTR,How You Feel,House Afternoon,03:17,19/09/2024,By popularity: 6 / 10,false,true,https://www.deezer.com/en/artist/8948922,https://www.deezer.com/en/album/572338331,https://cdn-images.dzcdn.net/images/cover/122e54a116dd79760db5bd4dcfd09a1e/40x40-000000-80-0-0.jpg
255,Smooth Operator (Tiktok Mix),Swallox,Smooth Operator (Tiktok Mix),House Afternoon,02:38,19/09/2024,By popularity: 5 / 10,false,false,https://www.deezer.com/en/artist/220354985,https://www.deezer.com/en/album/461041595,https://cdn-images.dzcdn.net/images/cover/e547906a350762d5862df946c33852d7/40x40-000000-80-0-0.jpg
256,Show Me Love (Extended Mix),HELLMATE,Show Me Love,House Afternoon,04:15,19/09/2024,By popularity: 4 / 10,false,false,https://www.deezer.com/en/artist/126352232,https://www.deezer.com/en/album/501955631,https://cdn-images.dzcdn.net/images/cover/1ed810f196694e7e57f9c30f02123d5f/40x40-000000-80-0-0.jpg
257,Feel My Needs,Weiss (UK),Feel My Needs,House Afternoon,02:30,20/09/2024,By popularity: 5 / 10,false,true,https://www.deezer.com/en/artist/5305397,https://www.deezer.com/en/album/608113572,https://cdn-images.dzcdn.net/images/cover/abf6ac852fdcbb21a7aa28c02308c5c0/40x40-000000-80-0-0.jpg
258,"She’s Gone, Dance On (Carlita Remix)",Disclosure,"She’s Gone, Dance On (Carlita Remix)",House Afternoon,03:34,20/09/2024,By popularity: 4 / 10,false,true,https://www.deezer.com/en/artist/409796,https://www.deezer.com/en/album/607465242,https://cdn-images.dzcdn.net/images/cover/48b86483563de73ffb7306f6c31adc87/40x40-000000-80-0-0.jpg
259,Kiss From A Rose,Green Velvet,Kiss From A Rose,House Afternoon,02:35,20/09/2024,By popularity: 2 / 10,false,true,https://www.deezer.com/en/artist/9777,https://www.deezer.com/en/album/598131092,https://cdn-images.dzcdn.net/images/cover/91799639ef17626045742560ecb55779/40x40-000000-80-0-0.jpg
260,Journey,Ruze,Journey LP,House Afternoon,03:34,20/09/2024,By popularity: 3 / 10,false,false,https://www.deezer.com/en/artist/10615599,https://www.deezer.com/en/album/565519452,https://cdn-images.dzcdn.net/images/cover/2047253e5f423d418ae8b0c1adcd0af8/40x40-000000-80-0-0.jpg
261,Superstylin',Groove Armada,The Best Of,House Afternoon,06:01,18/10/2024,By popularity: 5 / 10,false,false,https://www.deezer.com/en/artist/2048,https://www.deezer.com/en/album/76543,https://cdn-images.dzcdn.net/images/cover/b07ba0b452044a2d1e6310f8657e969a/40x40-000000-80-0-0.jpg
262,Bring My Beat Back (Extended),Secret Echoes,Bring My Beat Back,House Afternoon,06:02,24/10/2024,By popularity: 1 / 10,false,false,https://www.deezer.com/en/artist/278788851,https://www.deezer.com/en/album/632491501,https://cdn-images.dzcdn.net/images/cover/36cf73cb009c350e8ad8fafede9574b0/40x40-000000-80-0-0.jpg
263,Selfish,Sorley,Selfish,House Afternoon,03:16,24/10/2024,By popularity: 1 / 10,false,false,https://www.deezer.com/en/artist/60628282,https://www.deezer.com/en/album/644217211,https://cdn-images.dzcdn.net/images/cover/231ed7e4274a2d6bd9c0ae8546d84b20/40x40-000000-80-0-0.jpg
264,Forever Baby,Carlita,Sentimental,House Afternoon,03:18,04/12/2024,By popularity: 6 / 10,false,true,https://www.deezer.com/en/artist/5435357,https://www.deezer.com/en/album/622485381,https://cdn-images.dzcdn.net/images/cover/e8daebe29090223c5bff22ce84b7c53d/40x40-000000-80-0-0.jpg
265,After Five,Luke Alessi,After Five,House Afternoon,03:36,05/12/2024,By popularity: 4 / 10,false,false,https://www.deezer.com/en/artist/9639712,https://www.deezer.com/en/album/660492561,https://cdn-images.dzcdn.net/images/cover/c8d85777479cecdab811ea5fa69c339d/40x40-000000-80-0-0.jpg
266,I'm Alive,Stretch & Vern,I'm Alive,House Afternoon,02:58,05/12/2024,By popularity: 5 / 10,false,true,https://www.deezer.com/en/artist/12588,https://www.deezer.com/en/album/619313421,https://cdn-images.dzcdn.net/images/cover/2ad0869b85f985a14d854915608c2bd5/40x40-000000-80-0-0.jpg
267,LOOKING FOR JOY,Kaleena Zanders,LOOKING FOR JOY,House Afternoon,02:48,27/12/2024,By popularity: 4 / 10,false,false,https://www.deezer.com/en/artist/4457117,https://www.deezer.com/en/album/596149182,https://cdn-images.dzcdn.net/images/cover/5acdb58bb22fbf8a9e17888b101c3fcf/40x40-000000-80-0-0.jpg
268,Whatever,Kreech,Whatever,House Afternoon,03:46,28/12/2024,By popularity: 3 / 10,false,false,https://www.deezer.com/en/artist/7405850,https://www.deezer.com/en/album/225980642,https://cdn-images.dzcdn.net/images/cover/d31897698a0eaced8a56902744fe16b0/40x40-000000-80-0-0.jpg
269,Let's Go (Magalenha),Ian Asher,Let's Go (Magalenha),House Afternoon,02:43,03/01/2025,By popularity: 6 / 10,false,false,https://www.deezer.com/en/artist/107301842,https://www.deezer.com/en/album/655050111,https://cdn-images.dzcdn.net/images/cover/857a8fd31c0a47dcd6f1f8f7644675a1/40x40-000000-80-0-0.jpg
270,Candle Flame,Jungle,Volcano,House Afternoon,02:54,10/01/2025,By popularity: 7 / 10,false,true,https://www.deezer.com/en/artist/436163,https://www.deezer.com/en/album/415184487,https://cdn-images.dzcdn.net/images/cover/ee90f459f8d2adfbb871212793328eb2/40x40-000000-80-0-0.jpg
271,Storm (Edit),Sam Benaroya,Storm (Edit),House Afternoon,05:21,29/01/2025,By popularity: 3 / 10,true,false,https://www.deezer.com/en/artist/267652062,https://www.deezer.com/en/album/331177457,https://cdn-images.dzcdn.net/images/cover/a118edefd056027198f71dd5ea257151/40x40-000000-80-0-0.jpg
272,Southwark,Bcee,Southwark,House Afternoon,03:51,03/02/2025,By popularity: 2 / 10,true,false,https://www.deezer.com/en/artist/321587,https://www.deezer.com/en/album/662817181,https://cdn-images.dzcdn.net/images/cover/a41a12445e9b5d862bd69ee7dd581a22/40x40-000000-80-0-0.jpg
273,Loving You,Kideko,Loving You,House Afternoon,02:29,24/02/2025,By popularity: 5 / 10,false,false,https://www.deezer.com/en/artist/6161052,https://www.deezer.com/en/album/685418681,https://cdn-images.dzcdn.net/images/cover/4206ebf8765ef044081e70044147ef14/40x40-000000-80-0-0.jpg
274,Welcome To The People,Jaded,Welcome To The People,House Afternoon,02:40,23/03/2025,By popularity: 5 / 10,false,true,https://www.deezer.com/en/artist/393033,https://www.deezer.com/en/album/253715422,https://cdn-images.dzcdn.net/images/cover/cf54186560bdd08df2d88862237a5b30/40x40-000000-80-0-0.jpg
275,Together Onetime (Original Mix),Dole & Kom,Together Onetime,House Afternoon,06:59,26/03/2025,By popularity: 5 / 10,false,false,https://www.deezer.com/en/artist/1396282,https://www.deezer.com/en/album/108972282,https://cdn-images.dzcdn.net/images/cover/13be279fb2fc96b8a0dd7ed4943ead92/40x40-000000-80-0-0.jpg